[{"model": "pages.musician", "pk": 1, "fields": {"first_name": "Harvey", "last_name": "liao huaqi", "instrument": "wq", "isf": true, "pic": "hqdefault.jpg"}}, {"model": "pages.musician", "pk": 23, "fields": {"first_name": "Andy", "last_name": "liao", "instrument": "no ins test", "isf": true, "pic": "6776_12_nhOrAZP.jpg"}}, {"model": "pages.musician", "pk": 29, "fields": {"first_name": "john", "last_name": "wang", "instrument": "guitar", "isf": false, "pic": "fig17.jpg"}}, {"model": "pages.musician", "pk": 30, "fields": {"first_name": "dai", "last_name": "du", "instrument": "erew", "isf": false, "pic": "1200px-Artists_rendering_ULAS_J11200641_Z9mtU6g.jpg"}}, {"model": "pages.musician", "pk": 31, "fields": {"first_name": "lee", "last_name": "wang", "instrument": "qwqe", "isf": true, "pic": "6776_12_Fbfcehx.jpg"}}, {"model": "pages.musician", "pk": 32, "fields": {"first_name": "ming", "last_name": "wanf", "instrument": "ewrqeq", "isf": false, "pic": "b581be66-5c8b-4aeb-a4b3-27263a80e7f2-harvey-norman_K9QBWSr.jpg"}}, {"model": "pages.album", "pk": 1, "fields": {"artist": 1, "name": "travel to singapore", "release_date": "2018-11-06", "num_stars": 3}}, {"model": "pages.blogcomments", "pk": 1, "fields": {"firstname": "YUNZHI", "lastname": "LIAO", "email": "yunzhi.liao@gmail.com", "comment": "very good post"}}, {"model": "pages.blogcomments", "pk": 2, "fields": {"firstname": "YUNZHI", "lastname": "LIAO", "email": "yunzhi.liao@gmail.com", "comment": "very good post"}}, {"model": "pages.blogcomments", "pk": 3, "fields": {"firstname": "daisy", "lastname": "du", "email": "yunzhi.liao@gmail.com", "comment": "very du good post"}}, {"model": "pages.blogcomments", "pk": 5, "fields": {"firstname": "roy", "lastname": "LIAO", "email": "yunzhi.liao@me.com", "comment": "fantastic"}}, {"model": "pages.blogcomments", "pk": 6, "fields": {"firstname": "roy", "lastname": "LIAO", "email": "yunzhi.liao@me.com", "comment": "fantastic"}}, {"model": "pages.blogcomments", "pk": 7, "fields": {"firstname": "royj", "lastname": "LIAO", "email": "yunzhi.liao@me.com", "comment": "fantastic comment"}}, {"model": "pages.blogcomments", "pk": 8, "fields": {"firstname": "royj", "lastname": "LIA", "email": "yunzhi.liao@me.com", "comment": "fantastic comment"}}, {"model": "pages.blogcomments", "pk": 10, "fields": {"firstname": "royj", "lastname": "LIA", "email": "yunzhi.liao@me.com", "comment": "fantastic comment"}}, {"model": "pages.blogcomments", "pk": 11, "fields": {"firstname": "royj", "lastname": "LIA", "email": "yunzhi.liao@me.com", "comment": "fantastic comment"}}, {"model": "pages.blogcomments", "pk": 12, "fields": {"firstname": "*****", "lastname": "LIA", "email": "yunzhi.liao@me.com", "comment": "fantastic comment"}}, {"model": "pages.blogcomments", "pk": 13, "fields": {"firstname": "*****", "lastname": "LIA", "email": "yunzhi.liao@me.com", "comment": "fantastic comment"}}, {"model": "pages.blogcomments", "pk": 14, "fields": {"firstname": "*****", "lastname": "LIA", "email": "yunzhi.liao@me.com", "comment": "fantastic comment"}}, {"model": "pages.blogcomments", "pk": 15, "fields": {"firstname": "royj", "lastname": "LIA", "email": "tty@hotmail.com", "comment": "fantastic comment"}}, {"model": "pages.blogcomments", "pk": 16, "fields": {"firstname": "royj", "lastname": "LIA", "email": "tty@hotmail.com", "comment": "fantastic comment"}}, {"model": "pages.blogcomments", "pk": 17, "fields": {"firstname": "royrrr", "lastname": "LIA", "email": "tty@hotmail.com", "comment": "ewrqr"}}, {"model": "pages.blogcomments", "pk": 18, "fields": {"firstname": "royrrr", "lastname": "LIA", "email": "tty@hotmail.com", "comment": "ewrqr"}}, {"model": "pages.blogcomments", "pk": 19, "fields": {"firstname": "royrrr", "lastname": "LIA", "email": "tty@hotmail.com", "comment": "ewrqr"}}, {"model": "pages.blogcomments", "pk": 20, "fields": {"firstname": "royrrr", "lastname": "LIA", "email": "tty@hotmail.com", "comment": "ewrqr"}}, {"model": "pages.blogcomments", "pk": 21, "fields": {"firstname": "royrrr", "lastname": "LIA", "email": "tty@hotmail.com", "comment": "ewrqr"}}, {"model": "pages.blogcomments", "pk": 23, "fields": {"firstname": "tom", "lastname": "cruse", "email": "tom@gmail.com", "comment": "very good post tom"}}, {"model": "pages.blogcomments", "pk": 25, "fields": {"firstname": "jane", "lastname": "didston", "email": "jane@hotmail.com", "comment": "i like roy blog hoorat"}}, {"model": "pages.blogcomments", "pk": 26, "fields": {"firstname": "jane", "lastname": "kkd", "email": "jane@hotmail.com", "comment": "i like roy blog"}}, {"model": "pages.blogcomments", "pk": 27, "fields": {"firstname": "jane", "lastname": "kkd", "email": "jane@hotmail.com", "comment": "werewg4terwtyuwy"}}, {"model": "pages.blogcomments", "pk": 29, "fields": {"firstname": "royrrr", "lastname": "LIA", "email": "tty@hotmail.com", "comment": "tuytutu"}}, {"model": "pages.blogcomments", "pk": 30, "fields": {"firstname": "andy", "lastname": "LIAO", "email": "yunzhi.liao@me.com", "comment": "rwtt"}}, {"model": "pages.blogcomments", "pk": 31, "fields": {"firstname": "jane", "lastname": "kkd", "email": "jane@hotmail.com", "comment": "we32432"}}, {"model": "pages.blogcomments", "pk": 32, "fields": {"firstname": "jane", "lastname": "didston", "email": "jane@hotmail.com", "comment": "42652"}}, {"model": "pages.blogcomments", "pk": 33, "fields": {"firstname": "jane", "lastname": "didston", "email": "jane@hotmail.com", "comment": "werwe"}}, {"model": "pages.blogcomments", "pk": 34, "fields": {"firstname": "royrrr", "lastname": "LIA", "email": "tty@hotmail.com", "comment": "erwrew"}}, {"model": "pages.blogcomments", "pk": 35, "fields": {"firstname": "jane", "lastname": "didston", "email": "jane@hotmail.com", "comment": "rtete"}}, {"model": "pages.category", "pk": 1, "fields": {"name": "Dress", "slug": "dress", "created_at": "2019-05-08T01:30:12.468Z", "updated_at": "2019-05-08T01:30:12.469Z"}}, {"model": "pages.category", "pk": 2, "fields": {"name": "Jacket", "slug": "jacket", "created_at": "2019-05-08T01:30:30.853Z", "updated_at": "2019-05-08T01:30:30.853Z"}}, {"model": "pages.category", "pk": 3, "fields": {"name": "Top", "slug": "top", "created_at": "2019-05-08T01:30:43.716Z", "updated_at": "2019-05-08T01:30:43.716Z"}}, {"model": "pages.category", "pk": 4, "fields": {"name": "Short", "slug": "short", "created_at": "2019-05-08T01:30:59.680Z", "updated_at": "2019-05-08T01:30:59.681Z"}}, {"model": "pages.category", "pk": 5, "fields": {"name": "Shirt", "slug": "shirt", "created_at": "2019-05-08T01:31:11.606Z", "updated_at": "2019-05-08T01:31:21.653Z"}}, {"model": "pages.products", "pk": 1, "fields": {"category": 2, "p_code": "s1227", "p_name": "style1", "slug": "", "description": "Buy yourself some flowers that will last. Our Heartland Blouse features a unique appliqu\u00e9 floral design that doesn\u2019t require water\u2026 Details: - Main fabric is textured floral appliqu\u00e9, non-stretch - Sleeve and peplum are 100% rayon - High neck design with key hole detail at back neck - Bracelet length sleeve with elastic cuff - Functional drawcord at waist - High/low peplum detail Fit and Measurements for Size SMALL: - Front length: 58cm - Back length: 72cm - Use functional drawcord to adjust", "colour": "blue", "size": "small", "price": "45.40", "isf": false, "pic": "a53ef05da28785e6d61a173f5f5e8e59_large.jpg", "sls": "(('Size', (('exsmall','xs'),('small', 's'), ('medium', 'm'), ('large', 'l'), ('extr large', 'xl'))), ('unknown', 'Unknown'))", "slc": "pink,blue,black,violet", "available": true, "stock": 133, "created_at": "2019-05-08T02:04:56.264Z", "updated_at": "2019-05-28T23:57:02.559Z", "image": ""}}, {"model": "pages.products", "pk": 2, "fields": {"category": 3, "p_code": "s2334", "p_name": "FESTIVITY OFF THE SHOULDER TOP", "slug": "dress", "description": "Buy yourself some flowers that will last. Our Heartland Blouse features a unique appliqu\u00e9 floral design that doesn\u2019t require water\u2026 Details: - Main fabric is textured floral appliqu\u00e9, non-stretch - Sleeve and peplum are 100% rayon - High neck design with key hole detail at back neck - Bracelet length sleeve with elastic cuff - Functional drawcord at waist - High/low peplum detail Fit and Measurements for Size SMALL: - Front length: 58cm - Back length: 72cm - Use functional drawcord to adjust\r\n\r\nFeatures:\r\nMain fabric is textured floral appliqu\u00e9, non-stretch - Sleeve and peplum are 100% rayon - High neck design with key hole detail at back neck - Bracelet length sleeve with elastic cuff - Functional drawcord at waist - High/low peplum detail Fit and Measurements for Size SMALL: - Front length: 58cm - Back length: 72cm - Use functional drawcord to adjust\r\n\r\nWeight: 880 grams\r\n\r\nFabric content: 100%  cotton", "colour": "red", "size": "small", "price": "12.80", "isf": true, "pic": "t1132.jpg", "sls": "(('Size', (('small', 's'), ('medium', 'm'), ('large', 'l'), ('extr large', 'xl'))), ('unknown', 'Unknown'))", "slc": "pink,blue,black,choclate", "available": true, "stock": 100, "created_at": "2019-05-08T02:04:56.264Z", "updated_at": "2019-06-04T04:11:54.671Z", "image": "products/2019/05/08/t1132.jpg"}}, {"model": "pages.products", "pk": 3, "fields": {"category": 2, "p_code": "p1335", "p_name": "fashion p 13", "slug": "", "description": "Buy yourself some flowers that will last. Our Heartland Blouse features a unique appliqu\u00e9 floral design that doesn\u2019t require water\u2026 Details: - Main fabric is textured floral appliqu\u00e9, non-stretch - Sleeve and peplum are 100% rayon - High neck design with key hole detail at back neck - Bracelet length sleeve with elastic cuff - Functional drawcord at waist - High/low peplum detail Fit and Measurements for Size SMALL: - Front length: 58cm - Back length: 72cm - Use functional drawcord to adjust", "colour": "white", "size": "small", "price": "18.98", "isf": false, "pic": "j-1220.jpeg", "sls": "(('Size', (('small', 's'), ('medium', 'm'), ('large', 'l'), ('extr large', 'xl'))), ('unknown', 'Unknown'))", "slc": "black,blue,red,brown,baby pink,dark blue", "available": true, "stock": 100, "created_at": "2019-05-08T02:04:56.264Z", "updated_at": "2019-05-23T23:59:37.638Z", "image": ""}}, {"model": "pages.products", "pk": 4, "fields": {"category": 1, "p_code": "1234", "p_name": "style jacket", "slug": "", "description": "Buy yourself some flowers that will last. Our Heartland Blouse features a unique appliqu\u00e9 floral design that doesn\u2019t require water\u2026 Details: - Main fabric is textured floral appliqu\u00e9, non-stretch - Sleeve and peplum are 100% rayon - High neck design with key hole detail at back neck - Bracelet length sleeve with elastic cuff - Functional drawcord at waist - High/low peplum detail Fit and Measurements for Size SMALL: - Front length: 58cm - Back length: 72cm - Use functional drawcord to adjustsdfs", "colour": "blue", "size": "large", "price": "11.55", "isf": false, "pic": "new_knitwear_LQUFFq4.jpg", "sls": "(('Size', (('small', 's'), ('medium', 'm'), ('large', 'l'), ('extr large', 'xl'))), ('unknown', 'Unknown'))", "slc": "pink,blue,black,red", "available": true, "stock": 100, "created_at": "2019-05-08T02:04:56.264Z", "updated_at": "2019-05-30T23:34:33.276Z", "image": ""}}, {"model": "pages.products", "pk": 5, "fields": {"category": 5, "p_code": "S-890", "p_name": "style shiorrt", "slug": "", "description": "Buy yourself some flowers that will last. Our Heartland Blouse features a unique appliqu\u00e9 floral design that doesn\u2019t require water\u2026 Details: - Main fabric is textured floral appliqu\u00e9, non-stretch - Sleeve and peplum are 100% rayon - High neck design with key hole detail at back neck - Bracelet length sleeve with elastic cuff - Functional drawcord at waist - High/low peplum detail Fit and Measurements for Size SMALL: - Front length: 58cm - Back length: 72cm - Use functional drawcord to adjust", "colour": "white", "size": "extr large", "price": "32.00", "isf": false, "pic": "85e033a58afb37f965582e345c9ba42d_large.jpg", "sls": "(('Size', (('small', 's'), ('medium', 'm'), ('large', 'l'), ('extr large', 'xl'))),)", "slc": "pink,blue,black,green", "available": true, "stock": 100, "created_at": "2019-05-08T02:04:56.264Z", "updated_at": "2019-05-31T02:51:58.128Z", "image": ""}}, {"model": "pages.products", "pk": 6, "fields": {"category": 1, "p_code": "5544", "p_name": "HEARTLAND BLOUSE", "slug": "", "description": "Buy yourself some flowers that will last. Our Heartland Blouse features a unique appliqu\u00e9 floral design that doesn\u2019t require water\u2026  Details:  - Main fabric is textured floral appliqu\u00e9, non-stretch - Sleeve and peplum are 100% rayon - High neck design with key hole detail at back neck - Bracelet length sleeve with elastic cuff - Functional drawcord at waist - High/low peplum detail  Fit and Measurements for Size SMALL:  - Front length: 58cm - Back length: 72cm - Use functional drawcord to adjust", "colour": "blue", "size": "small", "price": "18.85", "isf": false, "pic": "my.jpg", "sls": "(('Size', (('small', 's'), ('medium', 'm'), ('large', 'l'), ('extr large', 'xl'))),)", "slc": "pink,blue,black,choclate", "available": true, "stock": 100, "created_at": "2019-05-22T23:45:55.353Z", "updated_at": "2019-05-24T00:01:47.586Z", "image": "products/2019/05/23/b04fd518864d465f3feab14b77e51223_500x.jpg"}}, {"model": "pages.products", "pk": 7, "fields": {"category": 4, "p_code": "33ww", "p_name": "white floery shirt", "slug": "", "description": "gwrtbnbjm\r\n\r\n<h3>xbhfdehdjy</h3>\r\nfdhdhd", "colour": "white", "size": "small", "price": "50.99", "isf": false, "pic": "s-1227_x9xDHgD.jpg", "sls": "(('Size', (('small', 's'), ('medium', 'm'), ('large', 'l'), ('extr large', 'xl'))),)", "slc": "black,blue,red,brown,baby pink,dark blue", "available": true, "stock": 10, "created_at": "2019-05-24T00:06:30.861Z", "updated_at": "2019-06-04T04:11:19.491Z", "image": ""}}, {"model": "pages.customer", "pk": 1, "fields": {"first_name": "royj", "last_name": "LIA", "address": "1/31 GLADSTONE ST", "membership": false, "email": "yunzhi.liao@me.com", "mobile": "413861866", "discount": "0.00", "startdate": "2019-05-10"}}, {"model": "pages.customer", "pk": 3, "fields": {"first_name": "harvey", "last_name": "LIAO", "address": "1/31 GLADSTONE ST", "membership": false, "email": "yunzhi.liao@gmail.com", "mobile": "413831866", "discount": "0.00", "startdate": "2019-05-10"}}, {"model": "pages.customer", "pk": 4, "fields": {"first_name": "brown", "last_name": "timore", "address": "23 mant st", "membership": false, "email": "daisydu2013@icloud.com", "mobile": "324424", "discount": "0.00", "startdate": "2019-05-10"}}, {"model": "pages.customer", "pk": 5, "fields": {"first_name": "andy", "last_name": "www", "address": "23 my st", "membership": false, "email": "yunzhi.liao@gmail.com", "mobile": "324424", "discount": "0.00", "startdate": "2019-05-10"}}, {"model": "pages.customer", "pk": 6, "fields": {"first_name": "andy", "last_name": "www", "address": "23 my st", "membership": false, "email": "yunzhi.liao@gmail.com", "mobile": "324424", "discount": "0.00", "startdate": "2019-05-10"}}, {"model": "pages.customer", "pk": 7, "fields": {"first_name": "Harvey", "last_name": "liao", "address": "1 31 gla st", "membership": false, "email": "dxm7610@hotmail.com", "mobile": "324424", "discount": "0.00", "startdate": "2019-05-10"}}, {"model": "pages.customer", "pk": 8, "fields": {"first_name": "Harvey", "last_name": "liao", "address": "1 31 gla st", "membership": false, "email": "dxm7610@hotmail.com", "mobile": "324424", "discount": "0.00", "startdate": "2019-05-10"}}, {"model": "pages.customer", "pk": 9, "fields": {"first_name": "Harvey", "last_name": "liao", "address": "1 31 gla st", "membership": false, "email": "dxm7610@hotmail.com", "mobile": "324424", "discount": "0.00", "startdate": "2019-05-10"}}, {"model": "pages.customer", "pk": 20, "fields": {"first_name": "mark", "last_name": "ben", "address": "1 31 gla st", "membership": false, "email": "daisydu2013@icloud.com", "mobile": "324424", "discount": "0.00", "startdate": "2019-05-10"}}, {"model": "pages.customer", "pk": 21, "fields": {"first_name": "mark", "last_name": "ben", "address": "1 31 gla st", "membership": false, "email": "daisydu2013@icloud.com", "mobile": "324424", "discount": "0.00", "startdate": "2019-05-10"}}, {"model": "pages.customer", "pk": 22, "fields": {"first_name": "mark", "last_name": "ben", "address": "1 31 gla st", "membership": false, "email": "daisydu2013@icloud.com", "mobile": "324424", "discount": "0.00", "startdate": "2019-05-10"}}, {"model": "pages.customer", "pk": 23, "fields": {"first_name": "mark", "last_name": "ben", "address": "1 31 gla st", "membership": false, "email": "daisydu2013@icloud.com", "mobile": "324424", "discount": "0.00", "startdate": "2019-05-10"}}, {"model": "pages.customer", "pk": 24, "fields": {"first_name": "sss", "last_name": "liao", "address": "1 31 gla st", "membership": false, "email": "daisydu2013@icloud.com", "mobile": "324424", "discount": "0.00", "startdate": "2019-05-10"}}, {"model": "pages.customer", "pk": 25, "fields": {"first_name": "sss", "last_name": "liao", "address": "1 31 gla st", "membership": false, "email": "daisydu2013@icloud.com", "mobile": "324424", "discount": "0.00", "startdate": "2019-05-10"}}, {"model": "pages.customer", "pk": 26, "fields": {"first_name": "sss", "last_name": "liao", "address": "1 31 gla st", "membership": false, "email": "daisydu2013@icloud.com", "mobile": "324424", "discount": "0.00", "startdate": "2019-05-10"}}, {"model": "pages.customer", "pk": 27, "fields": {"first_name": "sss", "last_name": "liao", "address": "1 31 gla st", "membership": false, "email": "daisydu2013@icloud.com", "mobile": "324424", "discount": "0.00", "startdate": "2019-05-10"}}, {"model": "pages.customer", "pk": 28, "fields": {"first_name": "Harvey", "last_name": "www", "address": "1 31 gla st", "membership": false, "email": "daisydu2013@icloud.com", "mobile": "324424", "discount": "0.00", "startdate": "2019-05-10"}}, {"model": "pages.customer", "pk": 29, "fields": {"first_name": "Harvey", "last_name": "www", "address": "1 31 gla st", "membership": false, "email": "daisydu2013@icloud.com", "mobile": "324424", "discount": "0.00", "startdate": "2019-05-10"}}, {"model": "pages.customer", "pk": 30, "fields": {"first_name": "Harvey", "last_name": "www", "address": "1 31 gla st", "membership": false, "email": "daisydu2013@icloud.com", "mobile": "324424", "discount": "0.00", "startdate": "2019-05-10"}}, {"model": "pages.customer", "pk": 31, "fields": {"first_name": "Harvey", "last_name": "www", "address": "1 31 gla st", "membership": false, "email": "daisydu2013@icloud.com", "mobile": "324424", "discount": "0.00", "startdate": "2019-05-10"}}, {"model": "pages.customer", "pk": 32, "fields": {"first_name": "andy", "last_name": "Du", "address": "1 31 gla st", "membership": false, "email": "daisydu2013@icloud.com", "mobile": "324424", "discount": "0.00", "startdate": "2019-05-10"}}, {"model": "pages.customer", "pk": 33, "fields": {"first_name": "andy", "last_name": "Du", "address": "1 31 gla st", "membership": false, "email": "daisydu2013@icloud.com", "mobile": "324424", "discount": "0.00", "startdate": "2019-05-10"}}, {"model": "pages.customer", "pk": 34, "fields": {"first_name": "Harvey", "last_name": "liao", "address": "1 31 gla st", "membership": false, "email": "daisydu2013@icloud.com", "mobile": "324424", "discount": "0.00", "startdate": "2019-05-10"}}, {"model": "pages.customer", "pk": 35, "fields": {"first_name": "amen", "last_name": "frank", "address": "1 31 gla st", "membership": false, "email": "daisydu2013@icloud.com", "mobile": "324424", "discount": "0.00", "startdate": "2019-05-10"}}, {"model": "pages.customer", "pk": 36, "fields": {"first_name": "amen", "last_name": "frank", "address": "1 31 gla st", "membership": false, "email": "daisydu2013@icloud.com", "mobile": "324424", "discount": "0.00", "startdate": "2019-05-10"}}, {"model": "pages.customer", "pk": 37, "fields": {"first_name": "amen", "last_name": "frank", "address": "1 31 gla st", "membership": false, "email": "daisydu2013@icloud.com", "mobile": "324424", "discount": "0.00", "startdate": "2019-05-10"}}, {"model": "pages.customer", "pk": 38, "fields": {"first_name": "Harvey", "last_name": "www", "address": "1 31 gla st", "membership": false, "email": "daisydu2013@icloud.com", "mobile": "324424", "discount": "0.00", "startdate": "2019-05-10"}}, {"model": "pages.customer", "pk": 39, "fields": {"first_name": "Harvey", "last_name": "www", "address": "1 31 gla st", "membership": false, "email": "daisydu2013@icloud.com", "mobile": "324424", "discount": "0.00", "startdate": "2019-05-10"}}, {"model": "pages.order", "pk": 1, "fields": {"customerid": 1, "date": "2019-05-07", "deliverymode": "pick", "paymethod": "cash", "active": true, "note": "wtte"}}, {"model": "pages.order", "pk": 2, "fields": {"customerid": 3, "date": "2019-05-07", "deliverymode": "tnt", "paymethod": "paypal", "active": true, "note": "weew"}}, {"model": "pages.order", "pk": 3, "fields": {"customerid": 3, "date": "2019-05-07", "deliverymode": "OTHERS", "paymethod": "paypal", "active": true, "note": "please deliver Asap"}}, {"model": "pages.order", "pk": 4, "fields": {"customerid": 1, "date": "2019-05-07", "deliverymode": "AUSPOST", "paymethod": "cash", "active": false, "note": "EWWE"}}, {"model": "pages.order", "pk": 5, "fields": {"customerid": 6, "date": "2019-05-07", "deliverymode": "tnt", "paymethod": "cash", "active": false, "note": "EW"}}, {"model": "pages.order", "pk": 6, "fields": {"customerid": 3, "date": "2019-05-07", "deliverymode": "tnt", "paymethod": "cash", "active": false, "note": "dfg--sd"}}, {"model": "pages.order", "pk": 7, "fields": {"customerid": null, "date": "2019-05-07", "deliverymode": "tnt", "paymethod": "cash", "active": false, "note": "ssss"}}, {"model": "pages.order", "pk": 8, "fields": {"customerid": null, "date": "2019-05-07", "deliverymode": "tnt", "paymethod": "cash", "active": false, "note": "vvvv"}}, {"model": "pages.order", "pk": 9, "fields": {"customerid": null, "date": "2019-05-07", "deliverymode": "tnt", "paymethod": "cash", "active": false, "note": "vvvv"}}, {"model": "pages.order", "pk": 10, "fields": {"customerid": null, "date": "2019-05-07", "deliverymode": "tnt", "paymethod": "cash", "active": false, "note": "wtte"}}, {"model": "pages.order", "pk": 11, "fields": {"customerid": null, "date": "2019-05-07", "deliverymode": "tnt", "paymethod": "cash", "active": false, "note": "wtte"}}, {"model": "pages.order", "pk": 12, "fields": {"customerid": null, "date": "2019-05-07", "deliverymode": "tnt", "paymethod": "cash", "active": false, "note": "wtte"}}, {"model": "pages.order", "pk": 13, "fields": {"customerid": null, "date": "2019-05-07", "deliverymode": "tnt", "paymethod": "cash", "active": false, "note": "zzzz"}}, {"model": "pages.order", "pk": 14, "fields": {"customerid": null, "date": "2019-05-07", "deliverymode": "tnt", "paymethod": "cash", "active": false, "note": "xxx"}}, {"model": "pages.order", "pk": 15, "fields": {"customerid": null, "date": "2019-05-07", "deliverymode": "tnt", "paymethod": "cash", "active": false, "note": "xxx"}}, {"model": "pages.order", "pk": 16, "fields": {"customerid": null, "date": "2019-05-07", "deliverymode": "tnt", "paymethod": "cash", "active": false, "note": "xxx"}}, {"model": "pages.order", "pk": 17, "fields": {"customerid": null, "date": "2019-05-07", "deliverymode": "tnt", "paymethod": "cash", "active": false, "note": "xxx"}}, {"model": "pages.order", "pk": 18, "fields": {"customerid": null, "date": "2019-05-07", "deliverymode": "tnt", "paymethod": "cash", "active": false, "note": "weew"}}, {"model": "pages.order", "pk": 19, "fields": {"customerid": null, "date": "2019-05-07", "deliverymode": "tnt", "paymethod": "cash", "active": false, "note": "weew"}}, {"model": "pages.order", "pk": 20, "fields": {"customerid": null, "date": "2019-05-07", "deliverymode": "tnt", "paymethod": "cash", "active": false, "note": "weew"}}, {"model": "pages.order", "pk": 21, "fields": {"customerid": null, "date": "2019-05-07", "deliverymode": "tnt", "paymethod": "cash", "active": false, "note": "weew"}}, {"model": "pages.order", "pk": 22, "fields": {"customerid": null, "date": "2019-05-07", "deliverymode": "tnt", "paymethod": "cash", "active": false, "note": "erq"}}, {"model": "pages.order", "pk": 23, "fields": {"customerid": null, "date": "2019-05-07", "deliverymode": "tnt", "paymethod": "cash", "active": false, "note": "erq"}}, {"model": "pages.order", "pk": 24, "fields": {"customerid": null, "date": "2019-05-07", "deliverymode": "tnt", "paymethod": "cash", "active": false, "note": "lllllll"}}, {"model": "pages.order", "pk": 25, "fields": {"customerid": null, "date": "2019-05-07", "deliverymode": "tnt", "paymethod": "cash", "active": false, "note": "erqqqqqqqqq"}}, {"model": "pages.order", "pk": 26, "fields": {"customerid": null, "date": "2019-05-07", "deliverymode": "tnt", "paymethod": "cash", "active": false, "note": "erqqqqqqqqq"}}, {"model": "pages.order", "pk": 27, "fields": {"customerid": null, "date": "2019-05-07", "deliverymode": "tnt", "paymethod": "cash", "active": false, "note": "erqqqqqqqqq"}}, {"model": "pages.order", "pk": 28, "fields": {"customerid": null, "date": "2019-05-07", "deliverymode": "tnt", "paymethod": "cash", "active": false, "note": "fianl"}}, {"model": "pages.order", "pk": 29, "fields": {"customerid": null, "date": "2019-05-07", "deliverymode": "tnt", "paymethod": "cash", "active": false, "note": "fianl"}}, {"model": "pages.orderdetail", "pk": 1, "fields": {"orderid": 1, "prodcode": 3}}, {"model": "pages.orderdetail", "pk": 2, "fields": {"orderid": 3, "prodcode": 2}}, {"model": "pages.post", "pk": 1, "fields": {"title": "roy", "content": "hi"}}, {"model": "pages.post", "pk": 2, "fields": {"title": "hi", "content": "ssdada"}}, {"model": "pages.post", "pk": 3, "fields": {"title": "re", "content": "qerw"}}, {"model": "pages.post", "pk": 4, "fields": {"title": "rete", "content": "fsdsdf"}}, {"model": "pages.post", "pk": 5, "fields": {"title": "hihow are you", "content": "eqrqer"}}, {"model": "pages.post", "pk": 6, "fields": {"title": "mewrwr", "content": "erqq"}}, {"model": "pages.post", "pk": 7, "fields": {"title": "rettwtw", "content": "etwtwwwwq"}}, {"model": "pages.sku", "pk": 1, "fields": {"sku": "s2334*pink*S", "product": 2, "product_code": "s2334", "colour": "pink", "size": "S", "available": true, "stock": 33, "created_at": "2019-05-29T00:57:26.319Z"}}, {"model": "pages.sku", "pk": 2, "fields": {"sku": "5544*blue*S", "product": 6, "product_code": "5544", "colour": "blue", "size": "S", "available": true, "stock": 15, "created_at": "2019-05-29T00:59:31.585Z"}}, {"model": "pages.sku", "pk": 3, "fields": {"sku": "5544*blue*L", "product": 6, "product_code": "5544", "colour": "blue", "size": "L", "available": true, "stock": 84, "created_at": "2019-05-29T01:00:48.954Z"}}, {"model": "pages.sku", "pk": 4, "fields": {"sku": "p1335*black*S", "product": 3, "product_code": "p1335", "colour": "black", "size": "S", "available": true, "stock": 19, "created_at": "2019-05-29T01:03:09.039Z"}}, {"model": "pages.sku", "pk": 5, "fields": {"sku": "1234*blue*M", "product": 4, "product_code": "1234", "colour": "blue", "size": "M", "available": true, "stock": 105, "created_at": "2019-05-29T01:05:12.061Z"}}, {"model": "pages.sku", "pk": 6, "fields": {"sku": "33ww*pink*S", "product": 7, "product_code": "33ww", "colour": "baby pink", "size": "S", "available": true, "stock": 920, "created_at": "2019-05-29T01:07:10.308Z"}}, {"model": "pages.sku", "pk": 7, "fields": {"sku": "1234*pink*S", "product": 4, "product_code": "1234", "colour": "pink", "size": "S", "available": true, "stock": 7, "created_at": "2019-05-29T02:30:39.994Z"}}, {"model": "pages.sku", "pk": 8, "fields": {"sku": "newcode*blue*M", "product": 5, "product_code": "S-890", "colour": "blue", "size": "M", "available": true, "stock": 97, "created_at": "2019-05-31T02:49:36.480Z"}}, {"model": "contenttypes.contenttype", "pk": 1, "fields": {"app_label": "admin", "model": "logentry"}}, {"model": "contenttypes.contenttype", "pk": 2, "fields": {"app_label": "auth", "model": "permission"}}, {"model": "contenttypes.contenttype", "pk": 3, "fields": {"app_label": "auth", "model": "group"}}, {"model": "contenttypes.contenttype", "pk": 4, "fields": {"app_label": "auth", "model": "user"}}, {"model": "contenttypes.contenttype", "pk": 5, "fields": {"app_label": "contenttypes", "model": "contenttype"}}, {"model": "contenttypes.contenttype", "pk": 6, "fields": {"app_label": "sessions", "model": "session"}}, {"model": "contenttypes.contenttype", "pk": 7, "fields": {"app_label": "pages", "model": "album"}}, {"model": "contenttypes.contenttype", "pk": 8, "fields": {"app_label": "pages", "model": "musician"}}, {"model": "contenttypes.contenttype", "pk": 9, "fields": {"app_label": "pages", "model": "author"}}, {"model": "contenttypes.contenttype", "pk": 10, "fields": {"app_label": "pages", "model": "blogcomments"}}, {"model": "contenttypes.contenttype", "pk": 11, "fields": {"app_label": "pages", "model": "ffile"}}, {"model": "contenttypes.contenttype", "pk": 12, "fields": {"app_label": "pages", "model": "products"}}, {"model": "contenttypes.contenttype", "pk": 13, "fields": {"app_label": "pages", "model": "customer"}}, {"model": "contenttypes.contenttype", "pk": 14, "fields": {"app_label": "pages", "model": "order"}}, {"model": "contenttypes.contenttype", "pk": 15, "fields": {"app_label": "pages", "model": "orderdetail"}}, {"model": "contenttypes.contenttype", "pk": 16, "fields": {"app_label": "pages", "model": "post"}}, {"model": "contenttypes.contenttype", "pk": 17, "fields": {"app_label": "pages", "model": "category"}}, {"model": "contenttypes.contenttype", "pk": 18, "fields": {"app_label": "orders", "model": "orderitem"}}, {"model": "contenttypes.contenttype", "pk": 19, "fields": {"app_label": "orders", "model": "order"}}, {"model": "contenttypes.contenttype", "pk": 20, "fields": {"app_label": "pages", "model": "sku"}}, {"model": "contenttypes.contenttype", "pk": 21, "fields": {"app_label": "orders", "model": "like"}}, {"model": "contenttypes.contenttype", "pk": 22, "fields": {"app_label": "orders", "model": "post"}}, {"model": "contenttypes.contenttype", "pk": 23, "fields": {"app_label": "ipn", "model": "paypalipn"}}, {"model": "sessions.session", "pk": "0rm2he5cf06l1ahn4c59yosn98hzk5p6", "fields": {"session_data": "YzBkYmEwYmIxN2M5YWQ2YzU5M2JmMjAxZTcxNWE3NmEzZmRhODNkNTp7fQ==", "expire_date": "2019-07-03T01:51:48.430Z"}}, {"model": "sessions.session", "pk": "144p9tmw0xngma768s0ffzhf7bpi10mg", "fields": {"session_data": "MDE5NDczNjA5MTFkZTQ2OTdmOWUxNWE2ZTRkNWMyNzFiOWE0MGU0Mjp7ImZvbyI6ImJhciIsIl9hdXRoX3VzZXJfaWQiOiIxIiwiX2F1dGhfdXNlcl9iYWNrZW5kIjoiZGphbmdvLmNvbnRyaWIuYXV0aC5iYWNrZW5kcy5Nb2RlbEJhY2tlbmQiLCJfYXV0aF91c2VyX2hhc2giOiI0NDc3NWUxNGEzY2I2ZjA2MTRlNTJlOTQ4NTBmOGFhMTFkYjZkZmVjIiwiY2FydCI6e319", "expire_date": "2019-06-04T03:48:22.403Z"}}, {"model": "sessions.session", "pk": "1oaqyxjat5dsbbkeohgwbfk5qqct8o0m", "fields": {"session_data": "ZTc5MmUxMmQzNTc0YzhhMjRmMTRmZDk5YTFmNDkwOWM3ZmY0YzA4Mzp7ImNhcnQiOnsiMipwaW5rKlMiOnsicHJvZHVjdF9pZCI6IjIiLCJwcm9kbmFtZSI6IkZFU1RJVklUWSBPRkYgVEhFIFNIT1VMREVSIFRPUCIsInF1YW50aXR5IjoxLCJwcmljZSI6IjEyLjgwIiwiY29sb3IiOiJwaW5rIiwic2l6ZSI6IlMifX19", "expire_date": "2019-06-13T01:31:33.107Z"}}, {"model": "sessions.session", "pk": "3ialmu4js9mt0jl6nxp5exsb4ic9j7g7", "fields": {"session_data": "NTA3MWU3YWFkYjNiZGM1NmVmYTI2YjgxZGZhNWJlYTg0OGZkNGQ4Mzp7Il9hdXRoX3VzZXJfaWQiOiIxIiwiX2F1dGhfdXNlcl9iYWNrZW5kIjoiZGphbmdvLmNvbnRyaWIuYXV0aC5iYWNrZW5kcy5Nb2RlbEJhY2tlbmQiLCJfYXV0aF91c2VyX2hhc2giOiI0NDc3NWUxNGEzY2I2ZjA2MTRlNTJlOTQ4NTBmOGFhMTFkYjZkZmVjIiwiY2FydCI6eyI1Ijp7InF1YW50aXR5IjoyLCJwcmljZSI6IjMyLjAwIn0sIjIiOnsicXVhbnRpdHkiOjgsInByaWNlIjoiMTIuODAifX19", "expire_date": "2019-05-23T01:36:34.070Z"}}, {"model": "sessions.session", "pk": "3icv5c82javixbpf4cb41m4esfo874n7", "fields": {"session_data": "ZDRjM2Y0MjM4MzFlZTE3YjI5ZTBhZjFmYmExYjAwMjFiMDRjYWI4Njp7ImNhcnQiOnsiMiI6eyJxdWFudGl0eSI6MSwicHJpY2UiOiIxMi44MCJ9LCIzd2hpdGUxIjp7InF1YW50aXR5IjoxLCJjb2xvciI6IndoaXRlIiwic2l6ZSI6MSwicHJpY2UiOiIxOC45OCJ9LCIzLXdoaXRlMSI6eyJxdWFudGl0eSI6MSwiY29sb3IiOiJ3aGl0ZSIsInNpemUiOjEsInByaWNlIjoiMTguOTgifX19", "expire_date": "2019-05-27T01:51:27.317Z"}}, {"model": "sessions.session", "pk": "3js3euikrkni05l9j90vyxsfmh5xxdho", "fields": {"session_data": "YTZiZmZlYmUxNGJkZThmNzAxMTAzZDU4OTBkODhiNDc3NDYxNzk4Njp7ImNhcnQiOnsiMyI6eyJxdWFudGl0eSI6MTMsInByaWNlIjoiMTguOTgifSwiMiI6eyJxdWFudGl0eSI6MiwicHJpY2UiOiIxMi44MCJ9LCI1Ijp7InF1YW50aXR5IjoxLCJwcmljZSI6IjMyLjAwIn0sIjEiOnsicXVhbnRpdHkiOjE0LCJwcmljZSI6IjQ1LjQwIn19fQ==", "expire_date": "2019-05-24T01:13:28.094Z"}}, {"model": "sessions.session", "pk": "3re68hzi5m9j8f4e97z02nxnhigh3yla", "fields": {"session_data": "ODEzODllYmQyYWUzNWJlOWE3ODNlMjY5ZTJiNjZiZTdkNzJjMDZlZjp7Il9hdXRoX3VzZXJfaWQiOiIxIiwiX2F1dGhfdXNlcl9iYWNrZW5kIjoiZGphbmdvLmNvbnRyaWIuYXV0aC5iYWNrZW5kcy5Nb2RlbEJhY2tlbmQiLCJfYXV0aF91c2VyX2hhc2giOiI0NDc3NWUxNGEzY2I2ZjA2MTRlNTJlOTQ4NTBmOGFhMTFkYjZkZmVjIn0=", "expire_date": "2019-05-14T00:36:37.698Z"}}, {"model": "sessions.session", "pk": "3rnzwavi5wkmxyscr4h8im7vdktggo25", "fields": {"session_data": "ODEzODllYmQyYWUzNWJlOWE3ODNlMjY5ZTJiNjZiZTdkNzJjMDZlZjp7Il9hdXRoX3VzZXJfaWQiOiIxIiwiX2F1dGhfdXNlcl9iYWNrZW5kIjoiZGphbmdvLmNvbnRyaWIuYXV0aC5iYWNrZW5kcy5Nb2RlbEJhY2tlbmQiLCJfYXV0aF91c2VyX2hhc2giOiI0NDc3NWUxNGEzY2I2ZjA2MTRlNTJlOTQ4NTBmOGFhMTFkYjZkZmVjIn0=", "expire_date": "2019-06-17T00:54:53.804Z"}}, {"model": "sessions.session", "pk": "4dllvoepxml6jnwdzisqk2oimhkflq4m", "fields": {"session_data": "YWNhZmVmZmFkYzhmMGY4M2U5ZGQzYWY3ODJmZjBiNmFkMDVhYTNkZDp7ImNhcnQiOnsiMip3aGl0ZSpTIjp7InByb2R1Y3RfaWQiOiIyIiwicHJvZG5hbWUiOiJGRVNUSVZJVFkgT0ZGIFRIRSBTSE9VTERFUiBUT1AiLCJxdWFudGl0eSI6NCwicHJpY2UiOiIxMi44MCIsImNvbG9yIjoid2hpdGUiLCJzaXplIjoiUyJ9LCI1KndoaXRlKlMiOnsicHJvZHVjdF9pZCI6IjUiLCJwcm9kbmFtZSI6InN0eWxlIHNoaW9ycnQiLCJxdWFudGl0eSI6MSwicHJpY2UiOiIzMi4wMCIsImNvbG9yIjoid2hpdGUiLCJzaXplIjoiUyJ9fX0=", "expire_date": "2019-05-30T02:51:39.406Z"}}, {"model": "sessions.session", "pk": "4vnh4h9nznwuzp614ybi9oedwqs6p4kh", "fields": {"session_data": "YjMwNjhlMzQ2ODYwNjRmNGRkYjM5YzhiZTA4ZjczYTYxZDk5ODNkNDp7ImNhcnQiOnt9fQ==", "expire_date": "2019-06-19T01:02:55.355Z"}}, {"model": "sessions.session", "pk": "4yy74kgjna5ers0aqrhon4uimnhk95x8", "fields": {"session_data": "MWY3MjkxNmM3OTFiN2Y5Nzk2NTRhYmYzYzZjMWE5NDY0MDY3ZTYwNTp7Il9hdXRoX3VzZXJfaWQiOiIxIiwiX2F1dGhfdXNlcl9iYWNrZW5kIjoiZGphbmdvLmNvbnRyaWIuYXV0aC5iYWNrZW5kcy5Nb2RlbEJhY2tlbmQiLCJfYXV0aF91c2VyX2hhc2giOiI0NDc3NWUxNGEzY2I2ZjA2MTRlNTJlOTQ4NTBmOGFhMTFkYjZkZmVjIiwiY2FydCI6eyIyKnBpbmsqTSI6eyJwcm9kdWN0X2lkIjoiMiIsInByb2RuYW1lIjoiRkVTVElWSVRZIE9GRiBUSEUgU0hPVUxERVIgVE9QIiwicXVhbnRpdHkiOjEsInByaWNlIjoiMTIuODAiLCJjb2xvciI6InBpbmsiLCJzaXplIjoiTSJ9fX0=", "expire_date": "2019-06-13T01:30:10.880Z"}}, {"model": "sessions.session", "pk": "5u1qflytyofuapow21fo1ro4zo68apzd", "fields": {"session_data": "ODEzODllYmQyYWUzNWJlOWE3ODNlMjY5ZTJiNjZiZTdkNzJjMDZlZjp7Il9hdXRoX3VzZXJfaWQiOiIxIiwiX2F1dGhfdXNlcl9iYWNrZW5kIjoiZGphbmdvLmNvbnRyaWIuYXV0aC5iYWNrZW5kcy5Nb2RlbEJhY2tlbmQiLCJfYXV0aF91c2VyX2hhc2giOiI0NDc3NWUxNGEzY2I2ZjA2MTRlNTJlOTQ4NTBmOGFhMTFkYjZkZmVjIn0=", "expire_date": "2019-06-07T03:59:09.907Z"}}, {"model": "sessions.session", "pk": "6o6slt38sff8z0d2l3u2r39zoh9djkj4", "fields": {"session_data": "ZDQ5MGY5YjA3ZDQzOGI0M2U4MWNlMDI1NjI1MmZhZDY0Y2I4Yjg0Nzp7ImNhcnQiOnsiMip3aGl0ZSpTIjp7InByb2R1Y3RfaWQiOiIyIiwicHJvZG5hbWUiOiJGRVNUSVZJVFkgT0ZGIFRIRSBTSE9VTERFUiBUT1AiLCJxdWFudGl0eSI6MSwicHJpY2UiOiIxMi44MCIsImNvbG9yIjoid2hpdGUiLCJzaXplIjoiUyJ9LCIzKndoaXRlKlMiOnsicHJvZHVjdF9pZCI6IjMiLCJwcm9kbmFtZSI6ImZhc2hpb24gcCAxMyIsInF1YW50aXR5IjoxLCJwcmljZSI6IjE4Ljk4IiwiY29sb3IiOiJ3aGl0ZSIsInNpemUiOiJTIn19fQ==", "expire_date": "2019-05-30T01:19:00.478Z"}}, {"model": "sessions.session", "pk": "7kuyl0ky3hpezbv6vfn0ux28qe7tbgua", "fields": {"session_data": "ODEzODllYmQyYWUzNWJlOWE3ODNlMjY5ZTJiNjZiZTdkNzJjMDZlZjp7Il9hdXRoX3VzZXJfaWQiOiIxIiwiX2F1dGhfdXNlcl9iYWNrZW5kIjoiZGphbmdvLmNvbnRyaWIuYXV0aC5iYWNrZW5kcy5Nb2RlbEJhY2tlbmQiLCJfYXV0aF91c2VyX2hhc2giOiI0NDc3NWUxNGEzY2I2ZjA2MTRlNTJlOTQ4NTBmOGFhMTFkYjZkZmVjIn0=", "expire_date": "2019-07-01T01:56:34.775Z"}}, {"model": "sessions.session", "pk": "7tii62xzxalycf2ptw1s7u1gufxwtx8a", "fields": {"session_data": "YWRmNzY0YWY2ODliZGI3OTE3MmQ4MjE5MDgwOGU4Yzk4MTI2ZGY4ZTp7Il9hdXRoX3VzZXJfaWQiOiIxIiwiX2F1dGhfdXNlcl9iYWNrZW5kIjoiZGphbmdvLmNvbnRyaWIuYXV0aC5iYWNrZW5kcy5Nb2RlbEJhY2tlbmQiLCJfYXV0aF91c2VyX2hhc2giOiI0NDc3NWUxNGEzY2I2ZjA2MTRlNTJlOTQ4NTBmOGFhMTFkYjZkZmVjIiwiY2FydCI6e319", "expire_date": "2019-06-14T02:58:39.882Z"}}, {"model": "sessions.session", "pk": "83htqp7qrsisfdkt0ccn3jki84s787vn", "fields": {"session_data": "ODEzODllYmQyYWUzNWJlOWE3ODNlMjY5ZTJiNjZiZTdkNzJjMDZlZjp7Il9hdXRoX3VzZXJfaWQiOiIxIiwiX2F1dGhfdXNlcl9iYWNrZW5kIjoiZGphbmdvLmNvbnRyaWIuYXV0aC5iYWNrZW5kcy5Nb2RlbEJhY2tlbmQiLCJfYXV0aF91c2VyX2hhc2giOiI0NDc3NWUxNGEzY2I2ZjA2MTRlNTJlOTQ4NTBmOGFhMTFkYjZkZmVjIn0=", "expire_date": "2019-05-13T00:46:33.647Z"}}, {"model": "sessions.session", "pk": "8eedu1x6skue9c7v322wcbyebvbmg0tp", "fields": {"session_data": "MmNiMmYzN2M5M2U2OTlhZTEyOGY3YjlhMjMwNTQ5NzQ4ZjE0ZjI0OTp7Il9hdXRoX3VzZXJfaWQiOiIxIiwiX2F1dGhfdXNlcl9iYWNrZW5kIjoiZGphbmdvLmNvbnRyaWIuYXV0aC5iYWNrZW5kcy5Nb2RlbEJhY2tlbmQiLCJfYXV0aF91c2VyX2hhc2giOiI1ZjA1ZWQ2YjI2M2E0ZWE1Y2E3ZjI1YTFhYmQ5YzlkNTNlMThkNWU5In0=", "expire_date": "2019-04-13T22:43:05.379Z"}}, {"model": "sessions.session", "pk": "9f5oy6pyl9syv0ejo0hnmtkyhsk3esc8", "fields": {"session_data": "ODA1NjM0MTFjN2Y0NGRiNGNiYjRmODIzMDMzMzYwNjU2OWNmZTllYjp7ImNhcnQiOnsiMiI6eyJxdWFudGl0eSI6MSwiY29sb3IiOiJ3aGl0ZSIsInNpemUiOjEsInByaWNlIjoiMTIuODAifSwiMndoaXRlMSI6eyJxdWFudGl0eSI6MywiY29sb3IiOiJ3aGl0ZSIsInNpemUiOjEsInByaWNlIjoiMTIuODAifX19", "expire_date": "2019-05-26T00:18:27.198Z"}}, {"model": "sessions.session", "pk": "a9m7ib09rbyxhx608t4ykumgld8ktkqa", "fields": {"session_data": "ODA5Njk0NDhjZTIwNWM3OTBlYTliYzkxODJmM2QzZmYwMTQxOTM2ZTp7ImNhcnQiOnsiNCI6eyJxdWFudGl0eSI6MTcsImNvbG9yIjoicmVkIiwic2l6ZSI6MSwicHJpY2UiOiIxMS41NSJ9fX0=", "expire_date": "2019-05-24T08:49:39.417Z"}}, {"model": "sessions.session", "pk": "aanjfjcrmri42d2ta4dzyc80oucv3p64", "fields": {"session_data": "Yjc2YWJlZTRlN2JiN2EyZDQyOWU4NTM5YWIxNTJkNWY5MTc1NDMwMTp7ImNhcnQiOnsiMiI6eyJxdWFudGl0eSI6OSwicHJpY2UiOiIxMi44MCIsImNvbG9yIjoid2hpdGUiLCJzaXplIjoiUyJ9LCIzIjp7InF1YW50aXR5IjoxLCJwcmljZSI6IjE4Ljk4IiwiY29sb3IiOiJ3aGl0ZSIsInNpemUiOiJTIn19fQ==", "expire_date": "2019-05-28T03:02:56.995Z"}}, {"model": "sessions.session", "pk": "aizy3le5t7zrwty920piswcrzp2t91sr", "fields": {"session_data": "YzBkYmEwYmIxN2M5YWQ2YzU5M2JmMjAxZTcxNWE3NmEzZmRhODNkNTp7fQ==", "expire_date": "2019-07-02T04:21:18.512Z"}}, {"model": "sessions.session", "pk": "aldanepkjoumtff2rv3nxxx8arj40ovs", "fields": {"session_data": "ODEzODllYmQyYWUzNWJlOWE3ODNlMjY5ZTJiNjZiZTdkNzJjMDZlZjp7Il9hdXRoX3VzZXJfaWQiOiIxIiwiX2F1dGhfdXNlcl9iYWNrZW5kIjoiZGphbmdvLmNvbnRyaWIuYXV0aC5iYWNrZW5kcy5Nb2RlbEJhY2tlbmQiLCJfYXV0aF91c2VyX2hhc2giOiI0NDc3NWUxNGEzY2I2ZjA2MTRlNTJlOTQ4NTBmOGFhMTFkYjZkZmVjIn0=", "expire_date": "2019-05-20T05:16:49.678Z"}}, {"model": "sessions.session", "pk": "b26pw08q8jjqwbpg3hu4co7mpdtm3ylw", "fields": {"session_data": "NjY0MzkxZjU1ZTI5NTg3Nzc0NDJlMWVkNDIzNDM1ZjEyNWQ0OTBlZDp7ImNhcnQiOnsiMipwaW5rKkwiOnsicHJvZHVjdF9pZCI6IjIiLCJwcm9kbmFtZSI6IkZFU1RJVklUWSBPRkYgVEhFIFNIT1VMREVSIFRPUCIsInF1YW50aXR5IjoxLCJwcmljZSI6IjEyLjgwIiwiY29sb3IiOiJwaW5rIiwic2l6ZSI6IkwifSwiMipwaW5rKk0iOnsicHJvZHVjdF9pZCI6IjIiLCJwcm9kbmFtZSI6IkZFU1RJVklUWSBPRkYgVEhFIFNIT1VMREVSIFRPUCIsInF1YW50aXR5IjoxLCJwcmljZSI6IjEyLjgwIiwiY29sb3IiOiJwaW5rIiwic2l6ZSI6Ik0ifSwiMipwaW5rKlMiOnsicHJvZHVjdF9pZCI6IjIiLCJwcm9kbmFtZSI6IkZFU1RJVklUWSBPRkYgVEhFIFNIT1VMREVSIFRPUCIsInF1YW50aXR5IjoxLCJwcmljZSI6IjEyLjgwIiwiY29sb3IiOiJwaW5rIiwic2l6ZSI6IlMifX0sIl9hdXRoX3VzZXJfaWQiOiIxIiwiX2F1dGhfdXNlcl9iYWNrZW5kIjoiZGphbmdvLmNvbnRyaWIuYXV0aC5iYWNrZW5kcy5Nb2RlbEJhY2tlbmQiLCJfYXV0aF91c2VyX2hhc2giOiI0NDc3NWUxNGEzY2I2ZjA2MTRlNTJlOTQ4NTBmOGFhMTFkYjZkZmVjIn0=", "expire_date": "2019-06-10T00:10:30.160Z"}}, {"model": "sessions.session", "pk": "bg17mzqiee8ngnzqdpjeeo36vmz0954m", "fields": {"session_data": "OWVhZDlkZDk5ZTljZWI4NTczMDdhMjAzOWZiZDI2MDEzY2U1ZjE2Zjp7ImNhcnQiOnsiNypiYWJ5IHBpbmsqUyI6eyJwcm9kdWN0X2lkIjoiNyIsInByb2RuYW1lIjoid2hpdGUgZmxvZXJ5IHNoaXJ0IiwicXVhbnRpdHkiOjEsInByaWNlIjoiNTAuOTkiLCJjb2xvciI6ImJhYnkgcGluayIsInNpemUiOiJTIn19fQ==", "expire_date": "2019-06-29T23:17:48.660Z"}}, {"model": "sessions.session", "pk": "bi3wp77c6rfeeg0aqp29pv1vy0c10iwa", "fields": {"session_data": "YjM0NmIyZTYxOTUxNjRlN2ZlMDNmYmRiMjI3NTBlYTEwODZjNTZjZDp7ImNhcnQiOnsiMyp3aGl0ZSpTIjp7InByb2R1Y3RfaWQiOiIzIiwicHJvZG5hbWUiOiJmYXNoaW9uIHAgMTMiLCJxdWFudGl0eSI6MSwicHJpY2UiOiIxOC45OCIsImNvbG9yIjoid2hpdGUiLCJzaXplIjoiUyJ9fX0=", "expire_date": "2019-05-30T03:07:49.041Z"}}, {"model": "sessions.session", "pk": "bs4hlqbnf953rqxk5wt3r3nuu1xihafc", "fields": {"session_data": "ODEzODllYmQyYWUzNWJlOWE3ODNlMjY5ZTJiNjZiZTdkNzJjMDZlZjp7Il9hdXRoX3VzZXJfaWQiOiIxIiwiX2F1dGhfdXNlcl9iYWNrZW5kIjoiZGphbmdvLmNvbnRyaWIuYXV0aC5iYWNrZW5kcy5Nb2RlbEJhY2tlbmQiLCJfYXV0aF91c2VyX2hhc2giOiI0NDc3NWUxNGEzY2I2ZjA2MTRlNTJlOTQ4NTBmOGFhMTFkYjZkZmVjIn0=", "expire_date": "2019-05-15T06:09:16.556Z"}}, {"model": "sessions.session", "pk": "bziewnfhv3pbwftrcyg9wt26xth1mxz0", "fields": {"session_data": "ODEzODllYmQyYWUzNWJlOWE3ODNlMjY5ZTJiNjZiZTdkNzJjMDZlZjp7Il9hdXRoX3VzZXJfaWQiOiIxIiwiX2F1dGhfdXNlcl9iYWNrZW5kIjoiZGphbmdvLmNvbnRyaWIuYXV0aC5iYWNrZW5kcy5Nb2RlbEJhY2tlbmQiLCJfYXV0aF91c2VyX2hhc2giOiI0NDc3NWUxNGEzY2I2ZjA2MTRlNTJlOTQ4NTBmOGFhMTFkYjZkZmVjIn0=", "expire_date": "2019-05-20T01:26:13.057Z"}}, {"model": "sessions.session", "pk": "cchoag7vythwbr395wdga299e4y7veka", "fields": {"session_data": "YWRiYjQ4Zjc4MzYyZmUwOWYzMWZiYzkzZTRiZWY1NDk4OWE4YWFjYjp7Il9hdXRoX3VzZXJfaWQiOiIxIiwiX2F1dGhfdXNlcl9iYWNrZW5kIjoiZGphbmdvLmNvbnRyaWIuYXV0aC5iYWNrZW5kcy5Nb2RlbEJhY2tlbmQiLCJfYXV0aF91c2VyX2hhc2giOiI0NDc3NWUxNGEzY2I2ZjA2MTRlNTJlOTQ4NTBmOGFhMTFkYjZkZmVjIiwiY2FydCI6eyIyKndoaXRlKlMiOnsicHJvZHVjdF9pZCI6IjIiLCJwcm9kbmFtZSI6IkZFU1RJVklUWSBPRkYgVEhFIFNIT1VMREVSIFRPUCIsInF1YW50aXR5Ijo2LCJwcmljZSI6IjEyLjgwIiwiY29sb3IiOiJ3aGl0ZSIsInNpemUiOiJTIn19fQ==", "expire_date": "2019-06-06T01:37:11.131Z"}}, {"model": "sessions.session", "pk": "cgyxuxwx6x6rc7nxqglrm7vlnu78yxyc", "fields": {"session_data": "ODEzODllYmQyYWUzNWJlOWE3ODNlMjY5ZTJiNjZiZTdkNzJjMDZlZjp7Il9hdXRoX3VzZXJfaWQiOiIxIiwiX2F1dGhfdXNlcl9iYWNrZW5kIjoiZGphbmdvLmNvbnRyaWIuYXV0aC5iYWNrZW5kcy5Nb2RlbEJhY2tlbmQiLCJfYXV0aF91c2VyX2hhc2giOiI0NDc3NWUxNGEzY2I2ZjA2MTRlNTJlOTQ4NTBmOGFhMTFkYjZkZmVjIn0=", "expire_date": "2019-06-13T02:12:40.800Z"}}, {"model": "sessions.session", "pk": "d1wwzvndgvelttcyiaus53ep7wkskb2n", "fields": {"session_data": "MTJkOTdhYzlkN2EzMGVhMDNkMGU2Zjk3ODFiMzEzMjU2ZjAzMDM0ODp7ImNhcnQiOnsiNSp3aGl0ZSpTIjp7InByb2R1Y3RfaWQiOiI1IiwicHJvZG5hbWUiOiJzdHlsZSBzaGlvcnJ0IiwicXVhbnRpdHkiOjEsInByaWNlIjoiMzIuMDAiLCJjb2xvciI6IndoaXRlIiwic2l6ZSI6IlMifX0sIl9hdXRoX3VzZXJfaWQiOiIxIiwiX2F1dGhfdXNlcl9iYWNrZW5kIjoiZGphbmdvLmNvbnRyaWIuYXV0aC5iYWNrZW5kcy5Nb2RlbEJhY2tlbmQiLCJfYXV0aF91c2VyX2hhc2giOiI0NDc3NWUxNGEzY2I2ZjA2MTRlNTJlOTQ4NTBmOGFhMTFkYjZkZmVjIiwiZm9vIjoiYmFyIn0=", "expire_date": "2019-06-03T04:49:33.155Z"}}, {"model": "sessions.session", "pk": "dlih1t5hwsdtvjuov5jd0nggastp8wjo", "fields": {"session_data": "YzU5YTIxNTQ2ZTE1Zjc5OWUwNDEzZTcwNmYwM2RjNmI0NGJmMTFjZjp7ImNhcnQiOnsiMip3aGl0ZSpTIjp7InByb2R1Y3RfaWQiOiIyIiwicHJvZG5hbWUiOiJGRVNUSVZJVFkgT0ZGIFRIRSBTSE9VTERFUiBUT1AiLCJxdWFudGl0eSI6MTUsInByaWNlIjoiMTIuODAiLCJjb2xvciI6IndoaXRlIiwic2l6ZSI6IlMifSwiMyp3aGl0ZSpNIjp7InByb2R1Y3RfaWQiOiIzIiwicHJvZG5hbWUiOiJmYXNoaW9uIHAgMTMiLCJxdWFudGl0eSI6MywicHJpY2UiOiIxOC45OCIsImNvbG9yIjoid2hpdGUiLCJzaXplIjoiTSJ9LCI0KndoaXRlKlMiOnsicHJvZHVjdF9pZCI6IjQiLCJwcm9kbmFtZSI6InN0eWxlIGphY2tldCIsInF1YW50aXR5IjoxLCJwcmljZSI6IjExLjU1IiwiY29sb3IiOiJ3aGl0ZSIsInNpemUiOiJTIn0sIjEqd2hpdGUqUyI6eyJwcm9kdWN0X2lkIjoiMSIsInByb2RuYW1lIjoic3R5bGUxIiwicXVhbnRpdHkiOjEsInByaWNlIjoiNDUuNDAiLCJjb2xvciI6IndoaXRlIiwic2l6ZSI6IlMifSwiMipibHVlKlMiOnsicHJvZHVjdF9pZCI6IjIiLCJwcm9kbmFtZSI6IkZFU1RJVklUWSBPRkYgVEhFIFNIT1VMREVSIFRPUCIsInF1YW50aXR5IjoxLCJwcmljZSI6IjEyLjgwIiwiY29sb3IiOiJibHVlIiwic2l6ZSI6IlMifX0sIl9hdXRoX3VzZXJfaWQiOiIxIiwiX2F1dGhfdXNlcl9iYWNrZW5kIjoiZGphbmdvLmNvbnRyaWIuYXV0aC5iYWNrZW5kcy5Nb2RlbEJhY2tlbmQiLCJfYXV0aF91c2VyX2hhc2giOiI0NDc3NWUxNGEzY2I2ZjA2MTRlNTJlOTQ4NTBmOGFhMTFkYjZkZmVjIn0=", "expire_date": "2019-05-31T03:49:33.708Z"}}, {"model": "sessions.session", "pk": "dvggr3mo6zf46ai2ca56wbdjg7yqoqur", "fields": {"session_data": "YjM0NmIyZTYxOTUxNjRlN2ZlMDNmYmRiMjI3NTBlYTEwODZjNTZjZDp7ImNhcnQiOnsiMyp3aGl0ZSpTIjp7InByb2R1Y3RfaWQiOiIzIiwicHJvZG5hbWUiOiJmYXNoaW9uIHAgMTMiLCJxdWFudGl0eSI6MSwicHJpY2UiOiIxOC45OCIsImNvbG9yIjoid2hpdGUiLCJzaXplIjoiUyJ9fX0=", "expire_date": "2019-06-04T03:52:28.743Z"}}, {"model": "sessions.session", "pk": "dw03c9u9fhbyvx5v8c5yf2wbha1mx2ij", "fields": {"session_data": "ZDU1OGEyMTEzNDg5ZjJiOWJiMWY3NTMyZjZjMGRiMDQzNTQ5ZjY0Njp7ImNhcnQiOnsiMiI6eyJxdWFudGl0eSI6MywiY29sb3IiOiJyZWQiLCJzaXplIjoxLCJwcmljZSI6IjEyLjgwIn0sIjMiOnsicXVhbnRpdHkiOjksImNvbG9yIjoid2hpdGUiLCJzaXplIjoxLCJwcmljZSI6IjE4Ljk4In19fQ==", "expire_date": "2019-05-26T02:39:00.487Z"}}, {"model": "sessions.session", "pk": "fhu23j51fyznghcnd8yysl4ifgnofhym", "fields": {"session_data": "MmFkMWM3YTMzMWIxMDBkYzQxMGY5YjJmYjk1NTExMzhiMDIzYTNlZTp7ImNhcnQiOnsiMipwaW5rKlMiOnsicHJvZHVjdF9pZCI6IjIiLCJwcm9kbmFtZSI6IkZFU1RJVklUWSBPRkYgVEhFIFNIT1VMREVSIFRPUCIsInF1YW50aXR5IjoyLCJwcmljZSI6IjEyLjgwIiwiY29sb3IiOiJwaW5rIiwic2l6ZSI6IlMifX19", "expire_date": "2019-06-26T02:32:06.764Z"}}, {"model": "sessions.session", "pk": "fkoh2ckbuyiyn3ymzfo0zbtkjylsgyjg", "fields": {"session_data": "NDU4YzAyYWRkZDQyNjAwMmNlZjMxZjM3OGQxMTU5Yjc1YTFhOTViNjp7Il9hdXRoX3VzZXJfaWQiOiIxIiwiX2F1dGhfdXNlcl9iYWNrZW5kIjoiZGphbmdvLmNvbnRyaWIuYXV0aC5iYWNrZW5kcy5Nb2RlbEJhY2tlbmQiLCJfYXV0aF91c2VyX2hhc2giOiI0NDc3NWUxNGEzY2I2ZjA2MTRlNTJlOTQ4NTBmOGFhMTFkYjZkZmVjIiwiY2FydCI6eyIzKndoaXRlKlMiOnsicHJvZHVjdF9pZCI6IjMiLCJwcm9kbmFtZSI6ImZhc2hpb24gcCAxMyIsInF1YW50aXR5IjoxLCJwcmljZSI6IjE4Ljk4IiwiY29sb3IiOiJ3aGl0ZSIsInNpemUiOiJTIn0sIjEqd2hpdGUqUyI6eyJwcm9kdWN0X2lkIjoiMSIsInByb2RuYW1lIjoic3R5bGUxIiwicXVhbnRpdHkiOjEsInByaWNlIjoiNDUuNDAiLCJjb2xvciI6IndoaXRlIiwic2l6ZSI6IlMifX19", "expire_date": "2019-06-05T02:30:55.874Z"}}, {"model": "sessions.session", "pk": "hkxer3fzuhs4ud1jwdapqeuhb08hy65q", "fields": {"session_data": "ODEzODllYmQyYWUzNWJlOWE3ODNlMjY5ZTJiNjZiZTdkNzJjMDZlZjp7Il9hdXRoX3VzZXJfaWQiOiIxIiwiX2F1dGhfdXNlcl9iYWNrZW5kIjoiZGphbmdvLmNvbnRyaWIuYXV0aC5iYWNrZW5kcy5Nb2RlbEJhY2tlbmQiLCJfYXV0aF91c2VyX2hhc2giOiI0NDc3NWUxNGEzY2I2ZjA2MTRlNTJlOTQ4NTBmOGFhMTFkYjZkZmVjIn0=", "expire_date": "2019-05-17T00:37:33.578Z"}}, {"model": "sessions.session", "pk": "homr1xz1ppl7nj3bhlfjvv3bf73uuatn", "fields": {"session_data": "MmNiMmYzN2M5M2U2OTlhZTEyOGY3YjlhMjMwNTQ5NzQ4ZjE0ZjI0OTp7Il9hdXRoX3VzZXJfaWQiOiIxIiwiX2F1dGhfdXNlcl9iYWNrZW5kIjoiZGphbmdvLmNvbnRyaWIuYXV0aC5iYWNrZW5kcy5Nb2RlbEJhY2tlbmQiLCJfYXV0aF91c2VyX2hhc2giOiI1ZjA1ZWQ2YjI2M2E0ZWE1Y2E3ZjI1YTFhYmQ5YzlkNTNlMThkNWU5In0=", "expire_date": "2019-05-08T01:41:43.742Z"}}, {"model": "sessions.session", "pk": "ica0rw8he0xa7yb9qozjn8cbyew47n6c", "fields": {"session_data": "YzBkYmEwYmIxN2M5YWQ2YzU5M2JmMjAxZTcxNWE3NmEzZmRhODNkNTp7fQ==", "expire_date": "2019-07-01T23:27:40.461Z"}}, {"model": "sessions.session", "pk": "j8bzsr3s4xlryrt402mh09p0o2dr6swx", "fields": {"session_data": "YWRmNzY0YWY2ODliZGI3OTE3MmQ4MjE5MDgwOGU4Yzk4MTI2ZGY4ZTp7Il9hdXRoX3VzZXJfaWQiOiIxIiwiX2F1dGhfdXNlcl9iYWNrZW5kIjoiZGphbmdvLmNvbnRyaWIuYXV0aC5iYWNrZW5kcy5Nb2RlbEJhY2tlbmQiLCJfYXV0aF91c2VyX2hhc2giOiI0NDc3NWUxNGEzY2I2ZjA2MTRlNTJlOTQ4NTBmOGFhMTFkYjZkZmVjIiwiY2FydCI6e319", "expire_date": "2019-06-15T23:23:29.783Z"}}, {"model": "sessions.session", "pk": "jczti1xsjqj1j24r69pumgxktr7qludu", "fields": {"session_data": "ZTc5MmUxMmQzNTc0YzhhMjRmMTRmZDk5YTFmNDkwOWM3ZmY0YzA4Mzp7ImNhcnQiOnsiMipwaW5rKlMiOnsicHJvZHVjdF9pZCI6IjIiLCJwcm9kbmFtZSI6IkZFU1RJVklUWSBPRkYgVEhFIFNIT1VMREVSIFRPUCIsInF1YW50aXR5IjoxLCJwcmljZSI6IjEyLjgwIiwiY29sb3IiOiJwaW5rIiwic2l6ZSI6IlMifX19", "expire_date": "2019-06-21T01:26:43.806Z"}}, {"model": "sessions.session", "pk": "jrbrvul9nnqxeirg20phl8t9f8nk48lq", "fields": {"session_data": "ODEzODllYmQyYWUzNWJlOWE3ODNlMjY5ZTJiNjZiZTdkNzJjMDZlZjp7Il9hdXRoX3VzZXJfaWQiOiIxIiwiX2F1dGhfdXNlcl9iYWNrZW5kIjoiZGphbmdvLmNvbnRyaWIuYXV0aC5iYWNrZW5kcy5Nb2RlbEJhY2tlbmQiLCJfYXV0aF91c2VyX2hhc2giOiI0NDc3NWUxNGEzY2I2ZjA2MTRlNTJlOTQ4NTBmOGFhMTFkYjZkZmVjIn0=", "expire_date": "2019-05-17T00:37:34.638Z"}}, {"model": "sessions.session", "pk": "k9qp1npt3x071ce3xo01r6m24ke0ttmy", "fields": {"session_data": "MWYzOGZjYzdlNjgwZmU2M2ZkN2E3ODEwZmY2OGRjZmY3M2ZhN2UxZDp7ImNhcnQiOnsiMiI6eyJxdWFudGl0eSI6MSwiY29sb3IiOiJ3aGl0ZSIsInNpemUiOjMsInByaWNlIjoiMTIuODAifSwiNSI6eyJxdWFudGl0eSI6MywiY29sb3IiOiJ3aGl0ZSIsInNpemUiOjEsInByaWNlIjoiMzIuMDAifSwiMSI6eyJxdWFudGl0eSI6MywiY29sb3IiOiJyZWQiLCJzaXplIjoxLCJwcmljZSI6IjQ1LjQwIn0sIjQiOnsicXVhbnRpdHkiOjMsImNvbG9yIjoiYmx1ZSIsInNpemUiOjEsInByaWNlIjoiMTEuNTUifX19", "expire_date": "2019-05-26T03:18:10.522Z"}}, {"model": "sessions.session", "pk": "kh6xtng09hom6vsqxlx630ysae8pa64y", "fields": {"session_data": "OGI1OWNkYWFjMGE5NzNkMGQyYWY0NDlmYWQ0NzAyMTBhMTBmMDUxZTp7ImNhcnQiOnsiMip3aGl0ZSpTIjp7InByb2R1Y3RfaWQiOiIyIiwicHJvZG5hbWUiOiJGRVNUSVZJVFkgT0ZGIFRIRSBTSE9VTERFUiBUT1AiLCJxdWFudGl0eSI6MSwicHJpY2UiOiIxMi44MCIsImNvbG9yIjoid2hpdGUiLCJzaXplIjoiUyJ9fX0=", "expire_date": "2019-06-05T01:33:45.962Z"}}, {"model": "sessions.session", "pk": "km0493trijwrvtbxrl27vsjata4v1hnz", "fields": {"session_data": "ODJhNTkyNDc3YjljMTE2MjBlNjdjMmEzMzZiODc5ODc3NjQ2MjIwMjp7ImNhcnQiOnsiMip3aGl0ZSpTIjp7InByb2R1Y3RfaWQiOiIyIiwicHJvZG5hbWUiOiJGRVNUSVZJVFkgT0ZGIFRIRSBTSE9VTERFUiBUT1AiLCJxdWFudGl0eSI6MSwicHJpY2UiOiIxMi44MCIsImNvbG9yIjoid2hpdGUiLCJzaXplIjoiUyJ9LCIyKndoaXRlKk0iOnsicHJvZHVjdF9pZCI6IjIiLCJwcm9kbmFtZSI6IkZFU1RJVklUWSBPRkYgVEhFIFNIT1VMREVSIFRPUCIsInF1YW50aXR5IjoxLCJwcmljZSI6IjEyLjgwIiwiY29sb3IiOiJ3aGl0ZSIsInNpemUiOiJNIn0sIjMqd2hpdGUqUyI6eyJwcm9kdWN0X2lkIjoiMyIsInByb2RuYW1lIjoiZmFzaGlvbiBwIDEzIiwicXVhbnRpdHkiOjEsInByaWNlIjoiMTguOTgiLCJjb2xvciI6IndoaXRlIiwic2l6ZSI6IlMifX19", "expire_date": "2019-05-30T02:54:21.594Z"}}, {"model": "sessions.session", "pk": "l1mfhfeug4hu9teeyinyjrw687ovukzx", "fields": {"session_data": "MmNiMmYzN2M5M2U2OTlhZTEyOGY3YjlhMjMwNTQ5NzQ4ZjE0ZjI0OTp7Il9hdXRoX3VzZXJfaWQiOiIxIiwiX2F1dGhfdXNlcl9iYWNrZW5kIjoiZGphbmdvLmNvbnRyaWIuYXV0aC5iYWNrZW5kcy5Nb2RlbEJhY2tlbmQiLCJfYXV0aF91c2VyX2hhc2giOiI1ZjA1ZWQ2YjI2M2E0ZWE1Y2E3ZjI1YTFhYmQ5YzlkNTNlMThkNWU5In0=", "expire_date": "2019-05-08T01:36:37.653Z"}}, {"model": "sessions.session", "pk": "mbp20mvmkoer89nx3hof7qsf3yrls5sh", "fields": {"session_data": "MTVkZDUwYzAzZmI0ZmI4MzVlMjU2ZTBjNDRmYmM4OTdiOGY0ZWU5Mjp7ImNhcnQiOnsiMipwaW5rKk0iOnsicHJvZHVjdF9pZCI6IjIiLCJwcm9kbmFtZSI6IkZFU1RJVklUWSBPRkYgVEhFIFNIT1VMREVSIFRPUCIsInF1YW50aXR5IjoxLCJwcmljZSI6IjEyLjgwIiwiY29sb3IiOiJwaW5rIiwic2l6ZSI6Ik0ifSwiMipibHVlKk0iOnsicHJvZHVjdF9pZCI6IjIiLCJwcm9kbmFtZSI6IkZFU1RJVklUWSBPRkYgVEhFIFNIT1VMREVSIFRPUCIsInF1YW50aXR5IjoxLCJwcmljZSI6IjEyLjgwIiwiY29sb3IiOiJibHVlIiwic2l6ZSI6Ik0ifX19", "expire_date": "2019-06-09T08:13:37.878Z"}}, {"model": "sessions.session", "pk": "mrzwwi4q313qe51k8pry8g4z3s70d1sa", "fields": {"session_data": "MTYwZjE2ZTc1YTcyZDhiNGU3OWMzZGVhNTQxYjM4YmNhZWNhNjAwMDp7ImNhcnQiOnsiMiI6eyJxdWFudGl0eSI6OCwicHJpY2UiOiIxMi44MCIsImNvbG9yIjoid2hpdGUiLCJzaXplIjoiUyJ9LCIzIjp7InF1YW50aXR5IjoxMSwicHJpY2UiOiIxOC45OCIsImNvbG9yIjoid2hpdGUiLCJzaXplIjoiUyJ9LCI2Ijp7InF1YW50aXR5IjoxLCJwcmljZSI6IjMyLjAwIiwiY29sb3IiOiJyZWQiLCJzaXplIjoiUyJ9LCI0Ijp7InF1YW50aXR5IjoxLCJwcmljZSI6IjExLjU1IiwiY29sb3IiOiJ3aGl0ZSIsInNpemUiOiJTIn19fQ==", "expire_date": "2019-05-28T02:19:41.510Z"}}, {"model": "sessions.session", "pk": "ms2wgpz30gneocby9xtxklygi0t3qluu", "fields": {"session_data": "OGI5ZjhlNzM3OGQwNjEwNDgyYjVmMjIxZmM0ZGYwYjRiOTJiYjVkYjp7ImNhcnQiOnsiNSpncmVlbipTIjp7InByb2R1Y3RfaWQiOiI1IiwicHJvZG5hbWUiOiJzdHlsZSBzaGlvcnJ0IiwicXVhbnRpdHkiOjEsInByaWNlIjoiMzIuMDAiLCJjb2xvciI6ImdyZWVuIiwic2l6ZSI6IlMifSwiNipwaW5rKk0iOnsicHJvZHVjdF9pZCI6IjYiLCJwcm9kbmFtZSI6IkhFQVJUTEFORCBCTE9VU0UiLCJxdWFudGl0eSI6MTksInByaWNlIjoiMTguODUiLCJjb2xvciI6InBpbmsiLCJzaXplIjoiTSJ9LCI2KmJsYWNrKlMiOnsicHJvZHVjdF9pZCI6IjYiLCJwcm9kbmFtZSI6IkhFQVJUTEFORCBCTE9VU0UiLCJxdWFudGl0eSI6MSwicHJpY2UiOiIxOC44NSIsImNvbG9yIjoiYmxhY2siLCJzaXplIjoiUyJ9fSwiX2F1dGhfdXNlcl9pZCI6IjEiLCJfYXV0aF91c2VyX2JhY2tlbmQiOiJkamFuZ28uY29udHJpYi5hdXRoLmJhY2tlbmRzLk1vZGVsQmFja2VuZCIsIl9hdXRoX3VzZXJfaGFzaCI6IjQ0Nzc1ZTE0YTNjYjZmMDYxNGU1MmU5NDg1MGY4YWExMWRiNmRmZWMifQ==", "expire_date": "2019-06-11T04:16:03.351Z"}}, {"model": "sessions.session", "pk": "nblsx58wvyborpvtxdyjkpprzvg8e1or", "fields": {"session_data": "YWRmNzY0YWY2ODliZGI3OTE3MmQ4MjE5MDgwOGU4Yzk4MTI2ZGY4ZTp7Il9hdXRoX3VzZXJfaWQiOiIxIiwiX2F1dGhfdXNlcl9iYWNrZW5kIjoiZGphbmdvLmNvbnRyaWIuYXV0aC5iYWNrZW5kcy5Nb2RlbEJhY2tlbmQiLCJfYXV0aF91c2VyX2hhc2giOiI0NDc3NWUxNGEzY2I2ZjA2MTRlNTJlOTQ4NTBmOGFhMTFkYjZkZmVjIiwiY2FydCI6e319", "expire_date": "2019-06-09T00:01:36.166Z"}}, {"model": "sessions.session", "pk": "nsr8w7u1t7oul8ek5wau1o04je5ivoro", "fields": {"session_data": "OTVhYzYyN2YxYmVkODMzOTRiMmU5YzQyYWE1NDliNDdjMmUwN2E3ODp7ImNhcnQiOnsiMipibHVlTSI6eyJwcm9kdWN0X2lkIjoiMiIsInF1YW50aXR5IjoyLCJwcmljZSI6IjEyLjgwIiwiY29sb3IiOiJibHVlIiwic2l6ZSI6Ik0ifSwiMypyZWRNIjp7InByb2R1Y3RfaWQiOiIzIiwicXVhbnRpdHkiOjIsInByaWNlIjoiMTguOTgiLCJjb2xvciI6InJlZCIsInNpemUiOiJNIn0sIjQqd2hpdGVTIjp7InByb2R1Y3RfaWQiOiI0IiwicXVhbnRpdHkiOjEsInByaWNlIjoiMTEuNTUiLCJjb2xvciI6IndoaXRlIiwic2l6ZSI6IlMifSwiNCp3aGl0ZU0iOnsicHJvZHVjdF9pZCI6IjQiLCJxdWFudGl0eSI6MSwicHJpY2UiOiIxMS41NSIsImNvbG9yIjoid2hpdGUiLCJzaXplIjoiTSJ9LCIzKndoaXRlUyI6eyJwcm9kdWN0X2lkIjoiMyIsInF1YW50aXR5IjoyLCJwcmljZSI6IjE4Ljk4IiwiY29sb3IiOiJ3aGl0ZSIsInNpemUiOiJTIn0sIjIqd2hpdGVMIjp7InByb2R1Y3RfaWQiOiIyIiwicXVhbnRpdHkiOjIsInByaWNlIjoiMTIuODAiLCJjb2xvciI6IndoaXRlIiwic2l6ZSI6IkwifSwiMip3aGl0ZVMiOnsicHJvZHVjdF9pZCI6IjIiLCJxdWFudGl0eSI6MSwicHJpY2UiOiIxMi44MCIsImNvbG9yIjoid2hpdGUiLCJzaXplIjoiUyJ9fX0=", "expire_date": "2019-05-28T04:34:54.912Z"}}, {"model": "sessions.session", "pk": "nxidfts9merupk4cj3khk7yaeu30mlrm", "fields": {"session_data": "MmNiMmYzN2M5M2U2OTlhZTEyOGY3YjlhMjMwNTQ5NzQ4ZjE0ZjI0OTp7Il9hdXRoX3VzZXJfaWQiOiIxIiwiX2F1dGhfdXNlcl9iYWNrZW5kIjoiZGphbmdvLmNvbnRyaWIuYXV0aC5iYWNrZW5kcy5Nb2RlbEJhY2tlbmQiLCJfYXV0aF91c2VyX2hhc2giOiI1ZjA1ZWQ2YjI2M2E0ZWE1Y2E3ZjI1YTFhYmQ5YzlkNTNlMThkNWU5In0=", "expire_date": "2019-04-17T00:55:49.270Z"}}, {"model": "sessions.session", "pk": "nyoce6zkfhb214830hq5k8xxvp7cosv8", "fields": {"session_data": "ZTAxNmMwNThmMjNiMmMxYjYzY2E1ZTEyYzBkMmE2NzdhOWQyYTg0Yjp7ImNhcnQiOnsiMiI6eyJxdWFudGl0eSI6OCwicHJpY2UiOiIxMi44MCJ9LCIzIjp7InF1YW50aXR5IjoxMywicHJpY2UiOiIxOC45OCJ9LCI1Ijp7InF1YW50aXR5IjoxLCJwcmljZSI6IjMyLjAwIn19fQ==", "expire_date": "2019-05-23T03:05:41.183Z"}}, {"model": "sessions.session", "pk": "ok59k6p1cti0uco2ifl86m8c1my6xv5h", "fields": {"session_data": "OGI1OWNkYWFjMGE5NzNkMGQyYWY0NDlmYWQ0NzAyMTBhMTBmMDUxZTp7ImNhcnQiOnsiMip3aGl0ZSpTIjp7InByb2R1Y3RfaWQiOiIyIiwicHJvZG5hbWUiOiJGRVNUSVZJVFkgT0ZGIFRIRSBTSE9VTERFUiBUT1AiLCJxdWFudGl0eSI6MSwicHJpY2UiOiIxMi44MCIsImNvbG9yIjoid2hpdGUiLCJzaXplIjoiUyJ9fX0=", "expire_date": "2019-06-02T08:11:14.270Z"}}, {"model": "sessions.session", "pk": "okka0d6grsl41xx5bt5a0dnv2ulioycw", "fields": {"session_data": "OTIwZDZkYmNhYTNjNGFiNDVlMzkzYjhmZWMxZTBiMWJjMzU4YmRmZTp7ImNhcnQiOnsiMiI6eyJxdWFudGl0eSI6MywiY29sb3IiOiJ3aGl0ZSIsInNpemUiOjEsInByaWNlIjoiMTIuODAifSwiMyI6eyJxdWFudGl0eSI6MywiY29sb3IiOiJyZWQiLCJzaXplIjoxLCJwcmljZSI6IjE4Ljk4In0sIjQiOnsicXVhbnRpdHkiOjMsImNvbG9yIjoid2hpdGUiLCJzaXplIjoxMCwicHJpY2UiOiIxMS41NSJ9fX0=", "expire_date": "2019-05-26T02:53:54.339Z"}}, {"model": "sessions.session", "pk": "oz04njguonxhevv6f6p8udnaq72zdauc", "fields": {"session_data": "YTQwMjVlOGI5Yjk5ZTdlNjM1YzNjZjY0ZDdjZGE5ZDM1ZDY5NDM5Mjp7ImNhcnQiOnsiMyI6eyJxdWFudGl0eSI6MywiY29sb3IiOiJyZWQiLCJzaXplIjoxLCJwcmljZSI6IjE4Ljk4In0sIjQiOnsicXVhbnRpdHkiOjMsImNvbG9yIjoiYmx1ZSIsInNpemUiOjEsInByaWNlIjoiMTEuNTUifX19", "expire_date": "2019-05-26T03:12:30.957Z"}}, {"model": "sessions.session", "pk": "qwscwxr3k11glf055abqs6nky5a3qln0", "fields": {"session_data": "ODEzODllYmQyYWUzNWJlOWE3ODNlMjY5ZTJiNjZiZTdkNzJjMDZlZjp7Il9hdXRoX3VzZXJfaWQiOiIxIiwiX2F1dGhfdXNlcl9iYWNrZW5kIjoiZGphbmdvLmNvbnRyaWIuYXV0aC5iYWNrZW5kcy5Nb2RlbEJhY2tlbmQiLCJfYXV0aF91c2VyX2hhc2giOiI0NDc3NWUxNGEzY2I2ZjA2MTRlNTJlOTQ4NTBmOGFhMTFkYjZkZmVjIn0=", "expire_date": "2019-05-14T02:20:12.011Z"}}, {"model": "sessions.session", "pk": "siiyhbu9q6p1su03wt5dsq3vkjsu1153", "fields": {"session_data": "OTY0NGY1ZDJmOGZmZWRkMzY2MzA5ZWY1MDJmMDg5ODU1YjRhZDA5NTp7ImNhcnQiOnsiMiI6eyJxdWFudGl0eSI6MSwicHJpY2UiOiIxMi44MCJ9fX0=", "expire_date": "2019-05-27T03:45:49.076Z"}}, {"model": "sessions.session", "pk": "t1u9eemv6y489rq593u71j4fuivc6qt1", "fields": {"session_data": "ODEzODllYmQyYWUzNWJlOWE3ODNlMjY5ZTJiNjZiZTdkNzJjMDZlZjp7Il9hdXRoX3VzZXJfaWQiOiIxIiwiX2F1dGhfdXNlcl9iYWNrZW5kIjoiZGphbmdvLmNvbnRyaWIuYXV0aC5iYWNrZW5kcy5Nb2RlbEJhY2tlbmQiLCJfYXV0aF91c2VyX2hhc2giOiI0NDc3NWUxNGEzY2I2ZjA2MTRlNTJlOTQ4NTBmOGFhMTFkYjZkZmVjIn0=", "expire_date": "2019-05-15T00:32:03.800Z"}}, {"model": "sessions.session", "pk": "t4b5a7dp9hyjqab8ed6ob8n08kc774e1", "fields": {"session_data": "MTI2ZWUwMDI4ZWIzZGNlNjJjNzA5OGZjYzk5MjFjMmFkOTY5NzhkNDp7ImNhcnQiOnsiNCI6eyJxdWFudGl0eSI6MSwicHJpY2UiOiIxMS41NSJ9LCIyIjp7InF1YW50aXR5IjoxNSwicHJpY2UiOiIxMi44MCJ9LCIzIjp7InF1YW50aXR5IjoxMCwicHJpY2UiOiIxOC45OCJ9LCI1Ijp7InF1YW50aXR5IjoxLCJwcmljZSI6IjMyLjAwIn19LCJfYXV0aF91c2VyX2lkIjoiMSIsIl9hdXRoX3VzZXJfYmFja2VuZCI6ImRqYW5nby5jb250cmliLmF1dGguYmFja2VuZHMuTW9kZWxCYWNrZW5kIiwiX2F1dGhfdXNlcl9oYXNoIjoiNDQ3NzVlMTRhM2NiNmYwNjE0ZTUyZTk0ODUwZjhhYTExZGI2ZGZlYyJ9", "expire_date": "2019-05-24T06:13:07.974Z"}}, {"model": "sessions.session", "pk": "t8eygre4vtdp3s5iz1mdjef5bjr1wlmv", "fields": {"session_data": "YWRmNzY0YWY2ODliZGI3OTE3MmQ4MjE5MDgwOGU4Yzk4MTI2ZGY4ZTp7Il9hdXRoX3VzZXJfaWQiOiIxIiwiX2F1dGhfdXNlcl9iYWNrZW5kIjoiZGphbmdvLmNvbnRyaWIuYXV0aC5iYWNrZW5kcy5Nb2RlbEJhY2tlbmQiLCJfYXV0aF91c2VyX2hhc2giOiI0NDc3NWUxNGEzY2I2ZjA2MTRlNTJlOTQ4NTBmOGFhMTFkYjZkZmVjIiwiY2FydCI6e319", "expire_date": "2019-06-18T04:38:22.144Z"}}, {"model": "sessions.session", "pk": "ugh9coowsjfn0uywdujb0jbzehwe9g0d", "fields": {"session_data": "ZTc5MmUxMmQzNTc0YzhhMjRmMTRmZDk5YTFmNDkwOWM3ZmY0YzA4Mzp7ImNhcnQiOnsiMipwaW5rKlMiOnsicHJvZHVjdF9pZCI6IjIiLCJwcm9kbmFtZSI6IkZFU1RJVklUWSBPRkYgVEhFIFNIT1VMREVSIFRPUCIsInF1YW50aXR5IjoxLCJwcmljZSI6IjEyLjgwIiwiY29sb3IiOiJwaW5rIiwic2l6ZSI6IlMifX19", "expire_date": "2019-06-28T02:37:46.945Z"}}, {"model": "sessions.session", "pk": "up18sjrm8d8b1xaeosh3rems39jpf0jw", "fields": {"session_data": "YzE1YmM4YTcwMmNlNDIwZDU5YmQwODk2ZTVjOWVmMDQzMTJlNjMzODp7ImNhcnQiOnsiMyI6eyJxdWFudGl0eSI6MiwicHJpY2UiOiIxOC45OCIsImNvbG9yIjoiYmx1ZSIsInNpemUiOiJNIn0sIjQiOnsicXVhbnRpdHkiOjEsInByaWNlIjoiMTEuNTUiLCJjb2xvciI6InJlZCIsInNpemUiOiJMIn0sIjUiOnsicXVhbnRpdHkiOjEwLCJwcmljZSI6IjMyLjAwIiwiY29sb3IiOiJibHVlIiwic2l6ZSI6IlMifSwiMiI6eyJxdWFudGl0eSI6MiwicHJpY2UiOiIxMi44MCIsImNvbG9yIjoicmVkIiwic2l6ZSI6Ik0ifX19", "expire_date": "2019-05-27T08:38:17.831Z"}}, {"model": "sessions.session", "pk": "uxw1sg1ifgio8e0hke5qai14yxc47qhs", "fields": {"session_data": "Njg5OGE0YzIwNTM2Mjk5ZTU3MTM5NDA2M2JjYzY5NDFhZmYzZTc3Nzp7ImNhcnQiOnsiMip3aGl0ZSpTIjp7InByb2R1Y3RfaWQiOiIyIiwicHJvZG5hbWUiOiJGRVNUSVZJVFkgT0ZGIFRIRSBTSE9VTERFUiBUT1AiLCJxdWFudGl0eSI6MSwicHJpY2UiOiIxMi44MCIsImNvbG9yIjoid2hpdGUiLCJzaXplIjoiUyJ9LCIzKndoaXRlKlMiOnsicHJvZHVjdF9pZCI6IjMiLCJwcm9kbmFtZSI6ImZhc2hpb24gcCAxMyIsInF1YW50aXR5IjoxNSwicHJpY2UiOiIxOC45OCIsImNvbG9yIjoid2hpdGUiLCJzaXplIjoiUyJ9fX0=", "expire_date": "2019-05-30T02:52:29.404Z"}}, {"model": "sessions.session", "pk": "v9ikj08vll29vex6dzmszakvkku4x5em", "fields": {"session_data": "MmNiMmYzN2M5M2U2OTlhZTEyOGY3YjlhMjMwNTQ5NzQ4ZjE0ZjI0OTp7Il9hdXRoX3VzZXJfaWQiOiIxIiwiX2F1dGhfdXNlcl9iYWNrZW5kIjoiZGphbmdvLmNvbnRyaWIuYXV0aC5iYWNrZW5kcy5Nb2RlbEJhY2tlbmQiLCJfYXV0aF91c2VyX2hhc2giOiI1ZjA1ZWQ2YjI2M2E0ZWE1Y2E3ZjI1YTFhYmQ5YzlkNTNlMThkNWU5In0=", "expire_date": "2019-05-02T00:55:39.237Z"}}, {"model": "sessions.session", "pk": "vx7e33sh172ubiuboxol5f0qzn81x5w4", "fields": {"session_data": "ODEzODllYmQyYWUzNWJlOWE3ODNlMjY5ZTJiNjZiZTdkNzJjMDZlZjp7Il9hdXRoX3VzZXJfaWQiOiIxIiwiX2F1dGhfdXNlcl9iYWNrZW5kIjoiZGphbmdvLmNvbnRyaWIuYXV0aC5iYWNrZW5kcy5Nb2RlbEJhY2tlbmQiLCJfYXV0aF91c2VyX2hhc2giOiI0NDc3NWUxNGEzY2I2ZjA2MTRlNTJlOTQ4NTBmOGFhMTFkYjZkZmVjIn0=", "expire_date": "2019-05-14T01:49:52.371Z"}}, {"model": "sessions.session", "pk": "wp1p74hk0nt5cyq5lzrtr8yvchxib7mb", "fields": {"session_data": "ODEzODllYmQyYWUzNWJlOWE3ODNlMjY5ZTJiNjZiZTdkNzJjMDZlZjp7Il9hdXRoX3VzZXJfaWQiOiIxIiwiX2F1dGhfdXNlcl9iYWNrZW5kIjoiZGphbmdvLmNvbnRyaWIuYXV0aC5iYWNrZW5kcy5Nb2RlbEJhY2tlbmQiLCJfYXV0aF91c2VyX2hhc2giOiI0NDc3NWUxNGEzY2I2ZjA2MTRlNTJlOTQ4NTBmOGFhMTFkYjZkZmVjIn0=", "expire_date": "2019-05-20T02:25:41.953Z"}}, {"model": "sessions.session", "pk": "xsw7khr08011a0djjinky9ort07n5nys", "fields": {"session_data": "ZGUzNzdkNWRjMmMyZTg3N2MxMTc3OTNkZGEyMTEzN2M1MTJhMjE0NDp7ImNhcnQiOnsiMip3aGl0ZVMiOnsicHJvZHVjdF9pZCI6IjIiLCJxdWFudGl0eSI6MTMsInByaWNlIjoiMTIuODAiLCJjb2xvciI6IndoaXRlIiwic2l6ZSI6IlMifSwiMip3aGl0ZU0iOnsicHJvZHVjdF9pZCI6IjIiLCJxdWFudGl0eSI6MTMsInByaWNlIjoiMTIuODAiLCJjb2xvciI6IndoaXRlIiwic2l6ZSI6Ik0ifSwiMyp3aGl0ZVMiOnsicHJvZHVjdF9pZCI6IjMiLCJxdWFudGl0eSI6MTEsInByaWNlIjoiMTguOTgiLCJjb2xvciI6IndoaXRlIiwic2l6ZSI6IlMifX19", "expire_date": "2019-05-29T02:05:22.321Z"}}, {"model": "orders.order", "pk": 1, "fields": {"first_name": "john", "last_name": "smioth", "email": "john@me.com", "address": "23 fiana st", "postal_code": "2245", "city": "kog", "state": "NSW", "country": "AUSTRALIA", "created": "2019-05-17T00:05:18.721Z", "updated": "2019-05-17T00:05:18.721Z", "paid": false}}, {"model": "orders.order", "pk": 2, "fields": {"first_name": "riy", "last_name": "jdksfghhjka", "email": "john@me.com", "address": "23 fiana st", "postal_code": "2245", "city": "kog", "state": "NSW", "country": "AUSTRALIA", "created": "2019-05-17T01:13:37.023Z", "updated": "2019-05-17T01:13:37.023Z", "paid": false}}, {"model": "orders.order", "pk": 3, "fields": {"first_name": "riy", "last_name": "jdksfghhjka", "email": "john@me.com", "address": "23 fiana st", "postal_code": "2245", "city": "kog", "state": "NSW", "country": "AUSTRALIA", "created": "2019-05-17T01:16:13.213Z", "updated": "2019-05-17T01:16:13.214Z", "paid": false}}, {"model": "orders.order", "pk": 4, "fields": {"first_name": "john", "last_name": "smioth", "email": "john@me.com", "address": "23 fiana st", "postal_code": "2245", "city": "kog", "state": "NSW", "country": "AUSTRALIA", "created": "2019-05-21T02:48:16.129Z", "updated": "2019-05-21T02:48:16.129Z", "paid": false}}, {"model": "orders.order", "pk": 5, "fields": {"first_name": "john", "last_name": "smioth", "email": "john@me.com", "address": "23 fiana st", "postal_code": "2245", "city": "kog", "state": "NSW", "country": "AUSTRALIA", "created": "2019-05-21T02:55:38.753Z", "updated": "2019-05-21T02:55:38.753Z", "paid": false}}, {"model": "orders.order", "pk": 6, "fields": {"first_name": "dais", "last_name": "smioth", "email": "john@me.com", "address": "23 fiana st", "postal_code": "2245", "city": "kog", "state": "NSW", "country": "AUSTRALIA", "created": "2019-05-21T02:56:13.368Z", "updated": "2019-05-21T02:56:13.368Z", "paid": false}}, {"model": "orders.order", "pk": 7, "fields": {"first_name": "riy", "last_name": "jdksfghhjka", "email": "john@me.com", "address": "23 fiana st", "postal_code": "2245", "city": "kog", "state": "NSW", "country": "AUSTRALIA", "created": "2019-05-21T03:01:30.743Z", "updated": "2019-05-21T03:01:30.743Z", "paid": false}}, {"model": "orders.order", "pk": 8, "fields": {"first_name": "john", "last_name": "smioth", "email": "john@me.com", "address": "23 fiana st", "postal_code": "2245", "city": "kog", "state": "NSW", "country": "AUSTRALIA", "created": "2019-05-21T03:31:10.424Z", "updated": "2019-05-21T03:31:10.424Z", "paid": false}}, {"model": "orders.order", "pk": 9, "fields": {"first_name": "john", "last_name": "smioth", "email": "john@me.com", "address": "23 fiana st", "postal_code": "2245", "city": "kog", "state": "NSW", "country": "AUSTRALIA", "created": "2019-05-21T03:32:52.658Z", "updated": "2019-05-21T03:32:52.658Z", "paid": false}}, {"model": "orders.order", "pk": 10, "fields": {"first_name": "john", "last_name": "smioth", "email": "john@me.com", "address": "23 fiana st", "postal_code": "2245", "city": "kog", "state": "NSW", "country": "AUSTRALIA", "created": "2019-05-21T03:34:42.072Z", "updated": "2019-05-21T03:34:42.072Z", "paid": false}}, {"model": "orders.order", "pk": 11, "fields": {"first_name": "john", "last_name": "smioth", "email": "john@me.com", "address": "23 fiana st", "postal_code": "2245", "city": "kog", "state": "NSW", "country": "AUSTRALIA", "created": "2019-05-21T03:37:06.672Z", "updated": "2019-05-21T03:37:06.672Z", "paid": false}}, {"model": "orders.order", "pk": 12, "fields": {"first_name": "john", "last_name": "smioth", "email": "john@me.com", "address": "23 fiana st", "postal_code": "2245", "city": "kog", "state": "NSW", "country": "AUSTRALIA", "created": "2019-05-21T03:38:07.735Z", "updated": "2019-05-21T03:38:07.735Z", "paid": false}}, {"model": "orders.order", "pk": 13, "fields": {"first_name": "john", "last_name": "smioth", "email": "john@me.com", "address": "23 fiana st", "postal_code": "2245", "city": "kog", "state": "NSW", "country": "AUSTRALIA", "created": "2019-05-21T03:39:10.868Z", "updated": "2019-05-21T03:39:10.868Z", "paid": false}}, {"model": "orders.order", "pk": 14, "fields": {"first_name": "john", "last_name": "smioth", "email": "john@me.com", "address": "23 fiana st", "postal_code": "2245", "city": "kog", "state": "NSW", "country": "AUSTRALIA", "created": "2019-05-21T03:42:22.659Z", "updated": "2019-05-21T03:42:22.659Z", "paid": false}}, {"model": "orders.order", "pk": 15, "fields": {"first_name": "john", "last_name": "smioth", "email": "john@me.com", "address": "23 fiana st", "postal_code": "2245", "city": "kog", "state": "NSW", "country": "AUSTRALIA", "created": "2019-05-21T03:44:36.243Z", "updated": "2019-05-21T03:44:36.243Z", "paid": false}}, {"model": "orders.order", "pk": 16, "fields": {"first_name": "john", "last_name": "smioth", "email": "john@me.com", "address": "23 fiana st", "postal_code": "2245", "city": "kog", "state": "NSW", "country": "AUSTRALIA", "created": "2019-05-21T03:47:45.091Z", "updated": "2019-05-21T03:47:45.091Z", "paid": false}}, {"model": "orders.order", "pk": 17, "fields": {"first_name": "harvey", "last_name": "LIAO", "email": "yunzhi.liao@gmail.com", "address": "1/31 GLADSTONE ST", "postal_code": "2217", "city": "KOGARAH", "state": "NSW", "country": "AUSTRALIA", "created": "2019-05-21T03:52:05.647Z", "updated": "2019-05-21T03:52:05.647Z", "paid": false}}, {"model": "orders.order", "pk": 18, "fields": {"first_name": "dais", "last_name": "smioth", "email": "john@me.com", "address": "23 fiana st", "postal_code": "2245", "city": "kog", "state": "NSW", "country": "AUSTRALIA", "created": "2019-05-21T23:27:53.025Z", "updated": "2019-05-21T23:27:53.025Z", "paid": false}}, {"model": "orders.order", "pk": 19, "fields": {"first_name": "dais", "last_name": "smioth", "email": "john@me.com", "address": "23 fiana st", "postal_code": "2245", "city": "kog", "state": "NSW", "country": "AUSTRALIA", "created": "2019-05-22T00:24:53.567Z", "updated": "2019-05-22T00:24:53.567Z", "paid": false}}, {"model": "orders.order", "pk": 20, "fields": {"first_name": "john", "last_name": "smioth", "email": "john@me.com", "address": "23 fiana st", "postal_code": "2245", "city": "kog", "state": "NSW", "country": "AUSTRALIA", "created": "2019-05-22T00:29:00.496Z", "updated": "2019-05-22T00:29:00.496Z", "paid": false}}, {"model": "orders.order", "pk": 21, "fields": {"first_name": "riy", "last_name": "jdksfghhjka", "email": "john@me.com", "address": "23 fiana st", "postal_code": "2245", "city": "kog", "state": "NSW", "country": "AUSTRALIA", "created": "2019-05-22T02:27:17.998Z", "updated": "2019-05-22T02:27:17.998Z", "paid": false}}, {"model": "orders.order", "pk": 22, "fields": {"first_name": "roy", "last_name": "liao", "email": "yunzhi.liao@gmail.com", "address": "23 fiana st", "postal_code": "2245", "city": "kog", "state": "NSW", "country": "AUSTRALIA", "created": "2019-05-22T23:11:39.164Z", "updated": "2019-05-22T23:11:39.164Z", "paid": false}}, {"model": "orders.order", "pk": 23, "fields": {"first_name": "dais", "last_name": "smioth", "email": "john@me.com", "address": "23 fiana st", "postal_code": "2245", "city": "kog", "state": "NSW", "country": "AUSTRALIA", "created": "2019-05-22T23:21:29.262Z", "updated": "2019-05-22T23:21:29.262Z", "paid": false}}, {"model": "orders.order", "pk": 24, "fields": {"first_name": "dais", "last_name": "smioth", "email": "john@me.com", "address": "23 fiana st", "postal_code": "2245", "city": "kog", "state": "NSW", "country": "AUSTRALIA", "created": "2019-05-22T23:23:17.838Z", "updated": "2019-05-22T23:23:17.838Z", "paid": false}}, {"model": "orders.order", "pk": 25, "fields": {"first_name": "john", "last_name": "smioth", "email": "john@me.com", "address": "23 fiana st", "postal_code": "2245", "city": "kog", "state": "NSW", "country": "AUSTRALIA", "created": "2019-05-22T23:30:43.855Z", "updated": "2019-05-22T23:30:43.855Z", "paid": false}}, {"model": "orders.order", "pk": 26, "fields": {"first_name": "dais", "last_name": "smioth", "email": "john@me.com", "address": "23 fiana st", "postal_code": "2245", "city": "kog", "state": "NSW", "country": "AUSTRALIA", "created": "2019-05-23T01:06:57.334Z", "updated": "2019-05-23T01:06:57.334Z", "paid": false}}, {"model": "orders.order", "pk": 27, "fields": {"first_name": "riy", "last_name": "jdksfghhjka", "email": "john@me.com", "address": "23 fiana st", "postal_code": "2245", "city": "kog", "state": "NSW", "country": "AUSTRALIA", "created": "2019-05-23T23:52:22.335Z", "updated": "2019-05-23T23:52:22.335Z", "paid": false}}, {"model": "orders.order", "pk": 28, "fields": {"first_name": "john", "last_name": "smioth", "email": "john@me.com", "address": "23 fiana st", "postal_code": "2245", "city": "kog", "state": "NSW", "country": "AUSTRALIA", "created": "2019-05-24T00:07:28.009Z", "updated": "2019-05-24T00:07:28.009Z", "paid": false}}, {"model": "orders.order", "pk": 29, "fields": {"first_name": "dais", "last_name": "smioth", "email": "john@me.com", "address": "23 fiana st", "postal_code": "2245", "city": "kog", "state": "NSW", "country": "AUSTRALIA", "created": "2019-05-24T01:52:26.281Z", "updated": "2019-05-24T01:52:26.282Z", "paid": false}}, {"model": "orders.order", "pk": 30, "fields": {"first_name": "john", "last_name": "smioth", "email": "john@me.com", "address": "23 fiana st", "postal_code": "2245", "city": "kog", "state": "NSW", "country": "AUSTRALIA", "created": "2019-05-24T03:59:08.976Z", "updated": "2019-05-24T03:59:08.976Z", "paid": false}}, {"model": "orders.order", "pk": 31, "fields": {"first_name": "Yunzhi", "last_name": "liao", "email": "yunzhi.liao@gmail.com", "address": "1/31 gladstone st", "postal_code": "2217", "city": "kogarah", "state": "NSW", "country": "AUSTRALIA", "created": "2019-05-25T23:37:08.082Z", "updated": "2019-05-25T23:37:08.082Z", "paid": false}}, {"model": "orders.order", "pk": 32, "fields": {"first_name": "dais", "last_name": "smioth", "email": "john@me.com", "address": "23 fiana st", "postal_code": "2245", "city": "kog", "state": "NSW", "country": "AUSTRALIA", "created": "2019-05-30T01:29:54.401Z", "updated": "2019-05-30T01:29:54.401Z", "paid": false}}, {"model": "orders.order", "pk": 33, "fields": {"first_name": "john", "last_name": "smioth", "email": "john@me.com", "address": "23 fiana st", "postal_code": "2245", "city": "kog", "state": "NSW", "country": "AUSTRALIA", "created": "2019-05-30T01:39:34.776Z", "updated": "2019-05-30T01:39:34.776Z", "paid": false}}, {"model": "orders.order", "pk": 34, "fields": {"first_name": "john", "last_name": "smioth", "email": "john@me.com", "address": "23 fiana st", "postal_code": "2245", "city": "kog", "state": "NSW", "country": "AUSTRALIA", "created": "2019-05-30T01:50:21.758Z", "updated": "2019-05-30T01:50:21.758Z", "paid": false}}, {"model": "orders.order", "pk": 35, "fields": {"first_name": "dais", "last_name": "smioth", "email": "john@me.com", "address": "23 fiana st", "postal_code": "2245", "city": "kog", "state": "NSW", "country": "AUSTRALIA", "created": "2019-05-30T01:50:46.758Z", "updated": "2019-05-30T01:50:46.759Z", "paid": false}}, {"model": "orders.order", "pk": 36, "fields": {"first_name": "roy", "last_name": "liao", "email": "yunzhi.liao@gmail.com", "address": "23 fiana st", "postal_code": "2245", "city": "kog", "state": "NSW", "country": "AUSTRALIA", "created": "2019-05-30T01:52:35.739Z", "updated": "2019-05-30T01:52:35.739Z", "paid": false}}, {"model": "orders.order", "pk": 37, "fields": {"first_name": "dais", "last_name": "smioth", "email": "john@me.com", "address": "23 fiana st", "postal_code": "2245", "city": "kog", "state": "NSW", "country": "AUSTRALIA", "created": "2019-05-30T01:59:55.881Z", "updated": "2019-05-30T01:59:55.881Z", "paid": false}}, {"model": "orders.order", "pk": 38, "fields": {"first_name": "dais", "last_name": "smioth", "email": "john@me.com", "address": "23 fiana st", "postal_code": "2245", "city": "kog", "state": "NSW", "country": "AUSTRALIA", "created": "2019-05-30T02:00:48.773Z", "updated": "2019-05-30T02:00:48.773Z", "paid": false}}, {"model": "orders.order", "pk": 39, "fields": {"first_name": "roy", "last_name": "liao", "email": "yunzhi.liao@gmail.com", "address": "23 fiana st", "postal_code": "2245", "city": "kog", "state": "NSW", "country": "AUSTRALIA", "created": "2019-05-30T02:01:03.582Z", "updated": "2019-05-30T02:01:03.582Z", "paid": false}}, {"model": "orders.order", "pk": 40, "fields": {"first_name": "roy", "last_name": "liao", "email": "yunzhi.liao@gmail.com", "address": "23 fiana st", "postal_code": "2245", "city": "kog", "state": "NSW", "country": "AUSTRALIA", "created": "2019-05-30T02:01:43.216Z", "updated": "2019-05-30T02:01:43.216Z", "paid": false}}, {"model": "orders.order", "pk": 41, "fields": {"first_name": "roy", "last_name": "liao", "email": "yunzhi.liao@gmail.com", "address": "23 fiana st", "postal_code": "2245", "city": "kog", "state": "NSW", "country": "AUSTRALIA", "created": "2019-05-30T02:03:20.168Z", "updated": "2019-05-30T02:03:20.169Z", "paid": false}}, {"model": "orders.order", "pk": 42, "fields": {"first_name": "roy", "last_name": "liao", "email": "yunzhi.liao@gmail.com", "address": "23 fiana st", "postal_code": "2245", "city": "kog", "state": "NSW", "country": "AUSTRALIA", "created": "2019-05-30T02:08:34.807Z", "updated": "2019-05-30T02:08:34.807Z", "paid": false}}, {"model": "orders.order", "pk": 43, "fields": {"first_name": "john", "last_name": "smioth", "email": "john@me.com", "address": "23 fiana st", "postal_code": "2245", "city": "kog", "state": "NSW", "country": "AUSTRALIA", "created": "2019-05-30T02:12:40.447Z", "updated": "2019-05-30T02:12:40.448Z", "paid": false}}, {"model": "orders.order", "pk": 44, "fields": {"first_name": "dais", "last_name": "smioth", "email": "john@me.com", "address": "23 fiana st", "postal_code": "2245", "city": "kog", "state": "NSW", "country": "AUSTRALIA", "created": "2019-05-30T23:49:22.881Z", "updated": "2019-05-30T23:49:22.881Z", "paid": false}}, {"model": "orders.order", "pk": 45, "fields": {"first_name": "roy", "last_name": "liao", "email": "yunzhi.liao@gmail.com", "address": "23 fiana st", "postal_code": "2245", "city": "kog", "state": "NSW", "country": "AUSTRALIA", "created": "2019-05-30T23:50:39.791Z", "updated": "2019-05-30T23:50:39.791Z", "paid": false}}, {"model": "orders.order", "pk": 46, "fields": {"first_name": "dais", "last_name": "smioth", "email": "john@me.com", "address": "23 fiana st", "postal_code": "2245", "city": "kog", "state": "NSW", "country": "AUSTRALIA", "created": "2019-05-31T00:56:38.006Z", "updated": "2019-05-31T00:56:38.006Z", "paid": false}}, {"model": "orders.order", "pk": 47, "fields": {"first_name": "dais", "last_name": "smioth", "email": "john@me.com", "address": "23 fiana st", "postal_code": "2245", "city": "kog", "state": "NSW", "country": "AUSTRALIA", "created": "2019-05-31T00:59:25.143Z", "updated": "2019-05-31T00:59:25.143Z", "paid": false}}, {"model": "orders.order", "pk": 48, "fields": {"first_name": "dais", "last_name": "smioth", "email": "john@me.com", "address": "23 fiana st", "postal_code": "2245", "city": "kog", "state": "NSW", "country": "AUSTRALIA", "created": "2019-05-31T01:00:44.998Z", "updated": "2019-05-31T01:00:44.998Z", "paid": false}}, {"model": "orders.order", "pk": 49, "fields": {"first_name": "dais", "last_name": "smioth", "email": "john@me.com", "address": "23 fiana st", "postal_code": "2245", "city": "kog", "state": "NSW", "country": "AUSTRALIA", "created": "2019-05-31T01:06:28.560Z", "updated": "2019-05-31T01:06:28.560Z", "paid": false}}, {"model": "orders.order", "pk": 50, "fields": {"first_name": "dais", "last_name": "smioth", "email": "john@me.com", "address": "23 fiana st", "postal_code": "2245", "city": "kog", "state": "NSW", "country": "AUSTRALIA", "created": "2019-05-31T01:07:04.456Z", "updated": "2019-05-31T01:07:04.456Z", "paid": false}}, {"model": "orders.order", "pk": 51, "fields": {"first_name": "john", "last_name": "smioth", "email": "john@me.com", "address": "23 fiana st", "postal_code": "2245", "city": "kog", "state": "NSW", "country": "AUSTRALIA", "created": "2019-05-31T01:08:49.173Z", "updated": "2019-05-31T01:08:49.173Z", "paid": false}}, {"model": "orders.order", "pk": 52, "fields": {"first_name": "john", "last_name": "smioth", "email": "john@me.com", "address": "23 fiana st", "postal_code": "2245", "city": "kog", "state": "NSW", "country": "AUSTRALIA", "created": "2019-05-31T01:09:58.295Z", "updated": "2019-05-31T01:09:58.295Z", "paid": false}}, {"model": "orders.order", "pk": 53, "fields": {"first_name": "roy", "last_name": "liao", "email": "yunzhi.liao@gmail.com", "address": "23 fiana st", "postal_code": "2245", "city": "kog", "state": "NSW", "country": "AUSTRALIA", "created": "2019-05-31T01:10:37.375Z", "updated": "2019-05-31T01:10:37.375Z", "paid": false}}, {"model": "orders.order", "pk": 54, "fields": {"first_name": "john", "last_name": "smioth", "email": "john@me.com", "address": "23 fiana st", "postal_code": "2245", "city": "kog", "state": "NSW", "country": "AUSTRALIA", "created": "2019-05-31T01:12:36.274Z", "updated": "2019-05-31T01:12:36.274Z", "paid": false}}, {"model": "orders.order", "pk": 55, "fields": {"first_name": "john", "last_name": "smioth", "email": "john@me.com", "address": "23 fiana st", "postal_code": "2245", "city": "kog", "state": "NSW", "country": "AUSTRALIA", "created": "2019-05-31T01:19:50.600Z", "updated": "2019-05-31T01:19:50.600Z", "paid": false}}, {"model": "orders.order", "pk": 56, "fields": {"first_name": "dais", "last_name": "smioth", "email": "john@me.com", "address": "23 fiana st", "postal_code": "2245", "city": "kog", "state": "NSW", "country": "AUSTRALIA", "created": "2019-05-31T01:21:18.795Z", "updated": "2019-05-31T01:21:18.795Z", "paid": false}}, {"model": "orders.order", "pk": 57, "fields": {"first_name": "dais", "last_name": "smioth", "email": "john@me.com", "address": "23 fiana st", "postal_code": "2245", "city": "kog", "state": "NSW", "country": "AUSTRALIA", "created": "2019-05-31T01:37:11.174Z", "updated": "2019-05-31T01:37:11.174Z", "paid": false}}, {"model": "orders.order", "pk": 58, "fields": {"first_name": "dais", "last_name": "smioth", "email": "john@me.com", "address": "23 fiana st", "postal_code": "2245", "city": "kog", "state": "NSW", "country": "AUSTRALIA", "created": "2019-05-31T01:38:37.864Z", "updated": "2019-05-31T01:38:37.865Z", "paid": false}}, {"model": "orders.order", "pk": 59, "fields": {"first_name": "john", "last_name": "smioth", "email": "john@me.com", "address": "23 fiana st", "postal_code": "2245", "city": "kog", "state": "NSW", "country": "AUSTRALIA", "created": "2019-05-31T01:38:57.342Z", "updated": "2019-05-31T01:38:57.342Z", "paid": false}}, {"model": "orders.order", "pk": 60, "fields": {"first_name": "john", "last_name": "smioth", "email": "john@me.com", "address": "23 fiana st", "postal_code": "2245", "city": "kog", "state": "NSW", "country": "AUSTRALIA", "created": "2019-05-31T01:39:51.875Z", "updated": "2019-05-31T01:39:51.875Z", "paid": false}}, {"model": "orders.order", "pk": 61, "fields": {"first_name": "riy", "last_name": "jdksfghhjka", "email": "john@me.com", "address": "23 fiana st", "postal_code": "2245", "city": "kog", "state": "NSW", "country": "AUSTRALIA", "created": "2019-05-31T01:40:18.852Z", "updated": "2019-05-31T01:40:18.852Z", "paid": false}}, {"model": "orders.order", "pk": 62, "fields": {"first_name": "dais", "last_name": "smioth", "email": "john@me.com", "address": "23 fiana st", "postal_code": "2245", "city": "kog", "state": "NSW", "country": "AUSTRALIA", "created": "2019-05-31T01:56:52.612Z", "updated": "2019-05-31T01:56:52.612Z", "paid": false}}, {"model": "orders.order", "pk": 63, "fields": {"first_name": "john", "last_name": "smioth", "email": "john@me.com", "address": "23 fiana st", "postal_code": "2245", "city": "kog", "state": "NSW", "country": "AUSTRALIA", "created": "2019-05-31T02:13:41.137Z", "updated": "2019-05-31T02:13:41.137Z", "paid": false}}, {"model": "orders.order", "pk": 64, "fields": {"first_name": "dais", "last_name": "smioth", "email": "john@me.com", "address": "23 fiana st", "postal_code": "2245", "city": "kog", "state": "NSW", "country": "AUSTRALIA", "created": "2019-05-31T02:44:28.314Z", "updated": "2019-05-31T02:44:28.314Z", "paid": false}}, {"model": "orders.order", "pk": 65, "fields": {"first_name": "roy", "last_name": "liao", "email": "yunzhi.liao@gmail.com", "address": "23 fiana st", "postal_code": "2245", "city": "kog", "state": "NSW", "country": "AUSTRALIA", "created": "2019-05-31T02:50:00.176Z", "updated": "2019-05-31T02:50:00.176Z", "paid": false}}, {"model": "orders.order", "pk": 66, "fields": {"first_name": "john", "last_name": "smioth", "email": "john@me.com", "address": "23 fiana st", "postal_code": "2245", "city": "kog", "state": "NSW", "country": "AUSTRALIA", "created": "2019-05-31T02:50:45.923Z", "updated": "2019-06-03T00:52:48.576Z", "paid": false}}, {"model": "orders.order", "pk": 67, "fields": {"first_name": "roy", "last_name": "liao", "email": "yunzhi.liao@gmail.com", "address": "23 fiana st", "postal_code": "2245", "city": "kog", "state": "NSW", "country": "AUSTRALIA", "created": "2019-05-31T02:55:42.963Z", "updated": "2019-06-03T00:20:51.025Z", "paid": true}}, {"model": "orders.order", "pk": 68, "fields": {"first_name": "roy", "last_name": "liao", "email": "yunzhi.liao@gmail.com", "address": "23 fiana st", "postal_code": "2245", "city": "kog", "state": "NSW", "country": "AUSTRALIA", "created": "2019-06-01T23:19:14.929Z", "updated": "2019-06-01T23:19:15.779Z", "paid": false}}, {"model": "orders.order", "pk": 69, "fields": {"first_name": "john", "last_name": "smioth", "email": "john@me.com", "address": "23 fiana st", "postal_code": "2245", "city": "kog", "state": "NSW", "country": "AUSTRALIA", "created": "2019-06-02T23:42:49.767Z", "updated": "2019-06-02T23:42:49.767Z", "paid": false}}, {"model": "orders.order", "pk": 70, "fields": {"first_name": "roy", "last_name": "liao", "email": "yunzhi.liao@gmail.com", "address": "23 fiana st", "postal_code": "2245", "city": "kog", "state": "NSW", "country": "AUSTRALIA", "created": "2019-06-03T00:54:52.530Z", "updated": "2019-06-03T01:09:08.092Z", "paid": false}}, {"model": "orders.order", "pk": 71, "fields": {"first_name": "john", "last_name": "smioth", "email": "john@me.com", "address": "23 fiana st", "postal_code": "2245", "city": "kog", "state": "NSW", "country": "AUSTRALIA", "created": "2019-06-04T04:21:37.797Z", "updated": "2019-06-04T04:21:38.172Z", "paid": false}}, {"model": "orders.order", "pk": 72, "fields": {"first_name": "roy", "last_name": "liao", "email": "yunzhi.liao@gmail.com", "address": "23 fiana st", "postal_code": "2245", "city": "kog", "state": "NSW", "country": "AUSTRALIA", "created": "2019-06-05T23:37:24.764Z", "updated": "2019-06-05T23:37:24.764Z", "paid": false}}, {"model": "orders.order", "pk": 73, "fields": {"first_name": "roy", "last_name": "liao", "email": "yunzhi.liao@gmail.com", "address": "23 fiana st", "postal_code": "2245", "city": "kog", "state": "NSW", "country": "AUSTRALIA", "created": "2019-06-05T23:40:15.776Z", "updated": "2019-06-05T23:40:15.776Z", "paid": false}}, {"model": "orders.order", "pk": 74, "fields": {"first_name": "roy", "last_name": "liao", "email": "yunzhi.liao@gmail.com", "address": "23 fiana st", "postal_code": "2245", "city": "kog", "state": "NSW", "country": "AUSTRALIA", "created": "2019-06-05T23:42:21.220Z", "updated": "2019-06-05T23:42:21.220Z", "paid": false}}, {"model": "orders.order", "pk": 75, "fields": {"first_name": "roy", "last_name": "liao", "email": "yunzhi.liao@gmail.com", "address": "23 fiana st", "postal_code": "2245", "city": "kog", "state": "NSW", "country": "AUSTRALIA", "created": "2019-06-05T23:44:11.194Z", "updated": "2019-06-05T23:44:11.194Z", "paid": false}}, {"model": "orders.order", "pk": 76, "fields": {"first_name": "roy", "last_name": "liao", "email": "yunzhi.liao@gmail.com", "address": "23 fiana st", "postal_code": "2245", "city": "kog", "state": "NSW", "country": "AUSTRALIA", "created": "2019-06-05T23:45:41.132Z", "updated": "2019-06-05T23:45:41.132Z", "paid": false}}, {"model": "orders.order", "pk": 77, "fields": {"first_name": "roy", "last_name": "liao", "email": "yunzhi.liao@gmail.com", "address": "23 fiana st", "postal_code": "2245", "city": "kog", "state": "NSW", "country": "AUSTRALIA", "created": "2019-06-05T23:47:22.707Z", "updated": "2019-06-05T23:47:22.707Z", "paid": false}}, {"model": "orders.order", "pk": 78, "fields": {"first_name": "roy", "last_name": "liao", "email": "yunzhi.liao@gmail.com", "address": "23 fiana st", "postal_code": "2245", "city": "kog", "state": "NSW", "country": "AUSTRALIA", "created": "2019-06-05T23:50:35.015Z", "updated": "2019-06-05T23:50:35.015Z", "paid": false}}, {"model": "orders.order", "pk": 79, "fields": {"first_name": "roy", "last_name": "liao", "email": "yunzhi.liao@gmail.com", "address": "23 fiana st", "postal_code": "2245", "city": "kog", "state": "NSW", "country": "AUSTRALIA", "created": "2019-06-05T23:53:24.181Z", "updated": "2019-06-05T23:53:24.181Z", "paid": false}}, {"model": "orders.order", "pk": 80, "fields": {"first_name": "roy", "last_name": "liao", "email": "yunzhi.liao@gmail.com", "address": "23 fiana st", "postal_code": "2245", "city": "kog", "state": "NSW", "country": "AUSTRALIA", "created": "2019-06-05T23:58:19.042Z", "updated": "2019-06-05T23:58:19.043Z", "paid": false}}, {"model": "orders.order", "pk": 81, "fields": {"first_name": "roy", "last_name": "liao", "email": "yunzhi.liao@gmail.com", "address": "23 fiana st", "postal_code": "2245", "city": "kog", "state": "NSW", "country": "AUSTRALIA", "created": "2019-06-05T23:58:45.751Z", "updated": "2019-06-05T23:58:45.751Z", "paid": false}}, {"model": "orders.order", "pk": 82, "fields": {"first_name": "roy", "last_name": "liao", "email": "yunzhi.liao@gmail.com", "address": "23 fiana st", "postal_code": "2245", "city": "kog", "state": "NSW", "country": "AUSTRALIA", "created": "2019-06-05T23:59:38.862Z", "updated": "2019-06-05T23:59:38.862Z", "paid": false}}, {"model": "orders.order", "pk": 83, "fields": {"first_name": "roy", "last_name": "liao", "email": "yunzhi.liao@gmail.com", "address": "23 fiana st", "postal_code": "2245", "city": "kog", "state": "NSW", "country": "AUSTRALIA", "created": "2019-06-05T23:59:49.288Z", "updated": "2019-06-05T23:59:49.288Z", "paid": false}}, {"model": "orders.order", "pk": 84, "fields": {"first_name": "roy", "last_name": "liao", "email": "yunzhi.liao@gmail.com", "address": "23 fiana st", "postal_code": "2245", "city": "kog", "state": "NSW", "country": "AUSTRALIA", "created": "2019-06-06T00:00:01.224Z", "updated": "2019-06-06T00:00:01.224Z", "paid": false}}, {"model": "orders.order", "pk": 85, "fields": {"first_name": "roy", "last_name": "liao", "email": "yunzhi.liao@gmail.com", "address": "23 fiana st", "postal_code": "2245", "city": "kog", "state": "NSW", "country": "AUSTRALIA", "created": "2019-06-06T00:02:07.542Z", "updated": "2019-06-06T00:02:07.542Z", "paid": false}}, {"model": "orders.order", "pk": 86, "fields": {"first_name": "john", "last_name": "smioth", "email": "roy_y_liao@hotmail.com", "address": "23 fiana st", "postal_code": "2245", "city": "kog", "state": "NSW", "country": "AUSTRALIA", "created": "2019-06-06T00:29:54.934Z", "updated": "2019-06-06T00:29:55.352Z", "paid": false}}, {"model": "orders.order", "pk": 87, "fields": {"first_name": "john", "last_name": "smioth", "email": "roy_y_liao@hotmail.com", "address": "23 fiana st", "postal_code": "2245", "city": "kog", "state": "NSW", "country": "AUSTRALIA", "created": "2019-06-06T00:33:46.607Z", "updated": "2019-06-06T00:33:46.997Z", "paid": false}}, {"model": "orders.order", "pk": 88, "fields": {"first_name": "john", "last_name": "smioth", "email": "roy_y_liao@hotmail.com", "address": "23 fiana st", "postal_code": "2245", "city": "kogarah", "state": "NSW", "country": "AUSTRALIA", "created": "2019-06-06T00:39:56.157Z", "updated": "2019-06-06T00:39:57.232Z", "paid": false}}, {"model": "orders.order", "pk": 89, "fields": {"first_name": "john", "last_name": "smioth", "email": "roy_y_liao@hotmail.com", "address": "23 fiana st", "postal_code": "2245", "city": "kogarah", "state": "NSW", "country": "AUSTRALIA", "created": "2019-06-06T00:41:46.654Z", "updated": "2019-06-06T00:41:47.266Z", "paid": false}}, {"model": "orders.order", "pk": 90, "fields": {"first_name": "john", "last_name": "smioth", "email": "roy_y_liao@hotmail.com", "address": "23 fiana st", "postal_code": "2245", "city": "kogarah", "state": "NSW", "country": "AUSTRALIA", "created": "2019-06-06T00:42:49.956Z", "updated": "2019-06-06T00:42:50.589Z", "paid": false}}, {"model": "orders.order", "pk": 91, "fields": {"first_name": "john", "last_name": "smioth", "email": "roy_y_liao@hotmail.com", "address": "1/23 fiana st", "postal_code": "2245", "city": "rockdale", "state": "NSW", "country": "AUSTRALIA", "created": "2019-06-06T01:05:26.340Z", "updated": "2019-06-06T01:05:26.914Z", "paid": false}}, {"model": "orders.order", "pk": 92, "fields": {"first_name": "john", "last_name": "smioth", "email": "roy_y_liao@hotmail.com", "address": "2/23 fiana st", "postal_code": "2245", "city": "kogarah", "state": "NSW", "country": "AUSTRALIA", "created": "2019-06-06T01:16:24.635Z", "updated": "2019-06-06T01:16:25.215Z", "paid": false}}, {"model": "orders.order", "pk": 93, "fields": {"first_name": "john", "last_name": "smioth", "email": "roy_y_liao@hotmail.com", "address": "2/23 fiana st", "postal_code": "2245", "city": "kogarah", "state": "NSW", "country": "AUSTRALIA", "created": "2019-06-06T01:17:13.211Z", "updated": "2019-06-06T01:17:13.652Z", "paid": false}}, {"model": "orders.order", "pk": 94, "fields": {"first_name": "john", "last_name": "smioth", "email": "roy_y_liao@hotmail.com", "address": "2/23 fiana st", "postal_code": "2245", "city": "kogarah", "state": "NSW", "country": "AUSTRALIA", "created": "2019-06-06T01:17:53.039Z", "updated": "2019-06-06T01:17:53.440Z", "paid": false}}, {"model": "orders.order", "pk": 95, "fields": {"first_name": "john", "last_name": "smioth", "email": "roy_y_liao@hotmail.com", "address": "2/23 fiana st", "postal_code": "2245", "city": "kogarah", "state": "NSW", "country": "AUSTRALIA", "created": "2019-06-06T01:19:50.401Z", "updated": "2019-06-06T01:19:50.863Z", "paid": false}}, {"model": "orders.order", "pk": 96, "fields": {"first_name": "john", "last_name": "smioth", "email": "roy_y_liao@hotmail.com", "address": "5/23 fiana st", "postal_code": "2245", "city": "kog", "state": "NSW", "country": "AUSTRALIA", "created": "2019-06-06T01:33:51.966Z", "updated": "2019-06-06T01:33:52.466Z", "paid": false}}, {"model": "orders.order", "pk": 97, "fields": {"first_name": "john", "last_name": "smioth", "email": "roy_y_liao@hotmail.com", "address": "5/23 fiana st", "postal_code": "2245", "city": "kog", "state": "NSW", "country": "AUSTRALIA", "created": "2019-06-06T01:35:00.760Z", "updated": "2019-06-06T01:35:01.135Z", "paid": false}}, {"model": "orders.order", "pk": 98, "fields": {"first_name": "john", "last_name": "smioth", "email": "roy_y_liao@hotmail.com", "address": "23 fiana st", "postal_code": "2245", "city": "kogarah", "state": "NSW", "country": "AUSTRALIA", "created": "2019-06-06T02:46:02.764Z", "updated": "2019-06-06T02:46:03.316Z", "paid": false}}, {"model": "orders.order", "pk": 99, "fields": {"first_name": "john", "last_name": "smioth", "email": "roy_y_liao@hotmail.com", "address": "23 fiana st", "postal_code": "2245", "city": "kogarah", "state": "NSW", "country": "AUSTRALIA", "created": "2019-06-06T02:46:52.217Z", "updated": "2019-06-06T02:46:52.782Z", "paid": false}}, {"model": "orders.order", "pk": 100, "fields": {"first_name": "John", "last_name": "Smith", "email": "roy_y_liao@hotmail.com", "address": "23 fiana st", "postal_code": "2245", "city": "kogarah", "state": "VIC", "country": "AUSTRALIA", "created": "2019-06-06T23:18:07.684Z", "updated": "2019-06-06T23:18:08.085Z", "paid": false}}, {"model": "orders.order", "pk": 101, "fields": {"first_name": "John", "last_name": "Smith", "email": "roy_y_liao@hotmail.com", "address": "23 fiana st", "postal_code": "2245", "city": "kogarah", "state": "VIC", "country": "AUSTRALIA", "created": "2019-06-07T00:47:02.139Z", "updated": "2019-06-07T00:47:02.613Z", "paid": false}}, {"model": "orders.order", "pk": 102, "fields": {"first_name": "John", "last_name": "Smith", "email": "roy_y_liao@hotmail.com", "address": "23 fiana st", "postal_code": "2245", "city": "kogarah", "state": "VIC", "country": "AUSTRALIA", "created": "2019-06-07T00:55:21.104Z", "updated": "2019-06-07T00:55:21.104Z", "paid": false}}, {"model": "orders.order", "pk": 103, "fields": {"first_name": "roy", "last_name": "liao", "email": "yunzhi.liao@gmail.com", "address": "23 fiana st", "postal_code": "2245", "city": "kog", "state": "NSW", "country": "AUSTRALIA", "created": "2019-06-14T02:37:25.792Z", "updated": "2019-06-14T02:37:26.120Z", "paid": false}}, {"model": "orders.order", "pk": 104, "fields": {"first_name": "john", "last_name": "smioth", "email": "roy_y_liao@hotmail.com", "address": "23 fiana st", "postal_code": "2245", "city": "kogarah", "state": "NSW", "country": "AUSTRALIA", "created": "2019-06-17T01:03:29.743Z", "updated": "2019-06-17T01:03:30.213Z", "paid": false}}, {"model": "orders.order", "pk": 105, "fields": {"first_name": "roy", "last_name": "liao", "email": "yunzhi.liao@gmail.com", "address": "23 fiana st", "postal_code": "2245", "city": "kog", "state": "NSW", "country": "AUSTRALIA", "created": "2019-06-17T01:09:35.710Z", "updated": "2019-06-17T01:09:36.080Z", "paid": false}}, {"model": "orders.order", "pk": 106, "fields": {"first_name": "roy", "last_name": "liao", "email": "yunzhi.liao@gmail.com", "address": "23 fiana st", "postal_code": "2245", "city": "kog", "state": "NSW", "country": "AUSTRALIA", "created": "2019-06-17T01:19:52.740Z", "updated": "2019-06-17T01:19:53.138Z", "paid": false}}, {"model": "orders.order", "pk": 107, "fields": {"first_name": "dais", "last_name": "smioth", "email": "john@me.com", "address": "23 fiana st", "postal_code": "2245", "city": "kog", "state": "NSW", "country": "AUSTRALIA", "created": "2019-06-17T01:29:38.120Z", "updated": "2019-06-17T01:29:38.120Z", "paid": false}}, {"model": "orders.order", "pk": 108, "fields": {"first_name": "riy", "last_name": "jdksfghhjka", "email": "john@me.com", "address": "23 fiana st", "postal_code": "2245", "city": "kog", "state": "NSW", "country": "AUSTRALIA", "created": "2019-06-17T01:41:45.336Z", "updated": "2019-06-17T01:41:45.798Z", "paid": true}}, {"model": "orders.order", "pk": 109, "fields": {"first_name": "dais", "last_name": "smioth", "email": "dais@me.com", "address": "23 fiana st", "postal_code": "2245", "city": "kog", "state": "NSW", "country": "AUSTRALIA", "created": "2019-06-17T01:46:47.215Z", "updated": "2019-06-17T01:46:47.530Z", "paid": true}}, {"model": "orders.order", "pk": 110, "fields": {"first_name": "john", "last_name": "Smith", "email": "roy_y_liao@hotmail.com", "address": "23 fiana st", "postal_code": "2245", "city": "kogarah", "state": "NT", "country": "AUSTRALIA", "created": "2019-06-17T01:56:33.890Z", "updated": "2019-06-17T01:56:34.244Z", "paid": true}}, {"model": "orders.order", "pk": 111, "fields": {"first_name": "John", "last_name": "Smith", "email": "roy_y_liao@hotmail.com", "address": "23 fiana st", "postal_code": "2245", "city": "kogarah", "state": "VIC", "country": "AUSTRALIA", "created": "2019-06-17T23:27:39.219Z", "updated": "2019-06-17T23:27:39.780Z", "paid": true}}, {"model": "orders.order", "pk": 112, "fields": {"first_name": "John", "last_name": "Smith", "email": "roy_y_liao@hotmail.com", "address": "23 fiana st", "postal_code": "2245", "city": "kogarah", "state": "VIC", "country": "AUSTRALIA", "created": "2019-06-18T04:21:17.823Z", "updated": "2019-06-18T04:21:17.823Z", "paid": true}}, {"model": "orders.order", "pk": 113, "fields": {"first_name": "John", "last_name": "Smith", "email": "roy_y_liao@hotmail.com", "address": "23 fiana st", "postal_code": "2245", "city": "kogarah", "state": "VIC", "country": "AUSTRALIA", "created": "2019-06-18T23:28:41.429Z", "updated": "2019-06-18T23:28:41.993Z", "paid": true}}, {"model": "orders.order", "pk": 114, "fields": {"first_name": "Yunzhi", "last_name": "liao", "email": "yunzhi.liao@gmail.com", "address": "1/31 Gladstone St, PO BOX AND SIGN", "postal_code": "2217", "city": "kogarah", "state": "NSW", "country": "AUSTRALIA", "created": "2019-06-19T01:51:47.976Z", "updated": "2019-06-19T01:51:47.976Z", "paid": true}}, {"model": "orders.orderitem", "pk": 1, "fields": {"order": 1, "product": 2, "price": "15.48", "quantity": 1, "colour": "", "size": ""}}, {"model": "orders.orderitem", "pk": 2, "fields": {"order": 15, "product": 2, "price": "12.80", "quantity": 1, "colour": "", "size": ""}}, {"model": "orders.orderitem", "pk": 3, "fields": {"order": 15, "product": 3, "price": "18.98", "quantity": 1, "colour": "", "size": ""}}, {"model": "orders.orderitem", "pk": 4, "fields": {"order": 15, "product": 1, "price": "45.40", "quantity": 2, "colour": "", "size": ""}}, {"model": "orders.orderitem", "pk": 5, "fields": {"order": 16, "product": 2, "price": "12.80", "quantity": 1, "colour": "", "size": ""}}, {"model": "orders.orderitem", "pk": 6, "fields": {"order": 16, "product": 4, "price": "11.55", "quantity": 10, "colour": "", "size": ""}}, {"model": "orders.orderitem", "pk": 7, "fields": {"order": 17, "product": 2, "price": "12.80", "quantity": 1, "colour": "", "size": ""}}, {"model": "orders.orderitem", "pk": 8, "fields": {"order": 17, "product": 4, "price": "11.55", "quantity": 10, "colour": "", "size": ""}}, {"model": "orders.orderitem", "pk": 9, "fields": {"order": 18, "product": 2, "price": "12.80", "quantity": 4, "colour": "", "size": ""}}, {"model": "orders.orderitem", "pk": 10, "fields": {"order": 18, "product": 3, "price": "18.98", "quantity": 3, "colour": "", "size": ""}}, {"model": "orders.orderitem", "pk": 11, "fields": {"order": 18, "product": 2, "price": "12.80", "quantity": 1, "colour": "", "size": ""}}, {"model": "orders.orderitem", "pk": 12, "fields": {"order": 19, "product": 2, "price": "12.80", "quantity": 1, "colour": "", "size": ""}}, {"model": "orders.orderitem", "pk": 13, "fields": {"order": 19, "product": 3, "price": "18.98", "quantity": 2, "colour": "", "size": ""}}, {"model": "orders.orderitem", "pk": 14, "fields": {"order": 19, "product": 3, "price": "18.98", "quantity": 2, "colour": "", "size": ""}}, {"model": "orders.orderitem", "pk": 15, "fields": {"order": 20, "product": 1, "price": "45.40", "quantity": 2, "colour": "", "size": ""}}, {"model": "orders.orderitem", "pk": 16, "fields": {"order": 17, "product": 3, "price": "18.98", "quantity": 3, "colour": "", "size": ""}}, {"model": "orders.orderitem", "pk": 17, "fields": {"order": 21, "product": 2, "price": "12.80", "quantity": 3, "colour": "", "size": ""}}, {"model": "orders.orderitem", "pk": 18, "fields": {"order": 21, "product": 3, "price": "18.98", "quantity": 3, "colour": "", "size": ""}}, {"model": "orders.orderitem", "pk": 19, "fields": {"order": 22, "product": 3, "price": "18.98", "quantity": 19, "colour": "", "size": ""}}, {"model": "orders.orderitem", "pk": 20, "fields": {"order": 22, "product": 3, "price": "18.98", "quantity": 2, "colour": "", "size": ""}}, {"model": "orders.orderitem", "pk": 21, "fields": {"order": 24, "product": 2, "price": "12.80", "quantity": 3, "colour": "white", "size": "M"}}, {"model": "orders.orderitem", "pk": 22, "fields": {"order": 24, "product": 4, "price": "11.55", "quantity": 10, "colour": "red", "size": "L"}}, {"model": "orders.orderitem", "pk": 23, "fields": {"order": 25, "product": 2, "price": "12.80", "quantity": 1, "colour": "white", "size": "S"}}, {"model": "orders.orderitem", "pk": 24, "fields": {"order": 25, "product": 1, "price": "45.40", "quantity": 2, "colour": "blue", "size": "M"}}, {"model": "orders.orderitem", "pk": 25, "fields": {"order": 26, "product": 4, "price": "11.55", "quantity": 1, "colour": "white", "size": "S"}}, {"model": "orders.orderitem", "pk": 26, "fields": {"order": 27, "product": 3, "price": "18.98", "quantity": 1, "colour": "white", "size": "S"}}, {"model": "orders.orderitem", "pk": 27, "fields": {"order": 27, "product": 6, "price": "18.85", "quantity": 1, "colour": "white", "size": "S"}}, {"model": "orders.orderitem", "pk": 28, "fields": {"order": 27, "product": 6, "price": "18.85", "quantity": 12, "colour": "white", "size": "M"}}, {"model": "orders.orderitem", "pk": 29, "fields": {"order": 28, "product": 7, "price": "50.99", "quantity": 23, "colour": "black", "size": "S"}}, {"model": "orders.orderitem", "pk": 30, "fields": {"order": 29, "product": 7, "price": "50.99", "quantity": 19, "colour": "black", "size": "S"}}, {"model": "orders.orderitem", "pk": 31, "fields": {"order": 30, "product": 6, "price": "18.85", "quantity": 1, "colour": "black", "size": "S"}}, {"model": "orders.orderitem", "pk": 32, "fields": {"order": 30, "product": 2, "price": "12.80", "quantity": 2, "colour": "black", "size": "S"}}, {"model": "orders.orderitem", "pk": 33, "fields": {"order": 30, "product": 6, "price": "18.85", "quantity": 1, "colour": "pink", "size": "S"}}, {"model": "orders.orderitem", "pk": 34, "fields": {"order": 30, "product": 2, "price": "12.80", "quantity": 18, "colour": "choclate", "size": "M"}}, {"model": "orders.orderitem", "pk": 35, "fields": {"order": 31, "product": 4, "price": "11.55", "quantity": 13, "colour": "black", "size": "M"}}, {"model": "orders.orderitem", "pk": 36, "fields": {"order": 31, "product": 2, "price": "12.80", "quantity": 1, "colour": "blue", "size": "M"}}, {"model": "orders.orderitem", "pk": 37, "fields": {"order": 31, "product": 1, "price": "45.40", "quantity": 1, "colour": "violet", "size": "S"}}, {"model": "orders.orderitem", "pk": 38, "fields": {"order": 31, "product": 5, "price": "32.00", "quantity": 1, "colour": "green", "size": "M"}}, {"model": "orders.orderitem", "pk": 39, "fields": {"order": 31, "product": 3, "price": "18.98", "quantity": 1, "colour": "brown", "size": "S"}}, {"model": "orders.orderitem", "pk": 40, "fields": {"order": 32, "product": 2, "price": "12.80", "quantity": 2, "colour": "pink", "size": "S"}}, {"model": "orders.orderitem", "pk": 41, "fields": {"order": 32, "product": 3, "price": "18.98", "quantity": 11, "colour": "black", "size": "S"}}, {"model": "orders.orderitem", "pk": 42, "fields": {"order": 33, "product": 6, "price": "18.85", "quantity": 1, "colour": "pink", "size": "S"}}, {"model": "orders.orderitem", "pk": 43, "fields": {"order": 35, "product": 6, "price": "18.85", "quantity": 17, "colour": "pink", "size": "S"}}, {"model": "orders.orderitem", "pk": 44, "fields": {"order": 36, "product": 2, "price": "12.80", "quantity": 1, "colour": "pink", "size": "S"}}, {"model": "orders.orderitem", "pk": 45, "fields": {"order": 36, "product": 6, "price": "18.85", "quantity": 19, "colour": "choclate", "size": "M"}}, {"model": "orders.orderitem", "pk": 46, "fields": {"order": 37, "product": 7, "price": "50.99", "quantity": 1, "colour": "baby", "size": "S"}}, {"model": "orders.orderitem", "pk": 47, "fields": {"order": 38, "product": 7, "price": "50.99", "quantity": 1, "colour": "baby", "size": "S"}}, {"model": "orders.orderitem", "pk": 48, "fields": {"order": 39, "product": 7, "price": "50.99", "quantity": 1, "colour": "baby", "size": "S"}}, {"model": "orders.orderitem", "pk": 49, "fields": {"order": 40, "product": 7, "price": "50.99", "quantity": 1, "colour": "baby", "size": "S"}}, {"model": "orders.orderitem", "pk": 50, "fields": {"order": 41, "product": 7, "price": "50.99", "quantity": 1, "colour": "baby", "size": "S"}}, {"model": "orders.orderitem", "pk": 51, "fields": {"order": 42, "product": 7, "price": "50.99", "quantity": 1, "colour": "baby", "size": "S"}}, {"model": "orders.orderitem", "pk": 52, "fields": {"order": 43, "product": 7, "price": "50.99", "quantity": 1, "colour": "baby", "size": "S"}}, {"model": "orders.orderitem", "pk": 53, "fields": {"order": 44, "product": 2, "price": "12.80", "quantity": 1, "colour": "black", "size": "S"}}, {"model": "orders.orderitem", "pk": 54, "fields": {"order": 45, "product": 6, "price": "18.85", "quantity": 1, "colour": "pink", "size": "S"}}, {"model": "orders.orderitem", "pk": 55, "fields": {"order": 46, "product": 4, "price": "11.55", "quantity": 1, "colour": "pink", "size": "S"}}, {"model": "orders.orderitem", "pk": 56, "fields": {"order": 47, "product": 4, "price": "11.55", "quantity": 1, "colour": "pink", "size": "S"}}, {"model": "orders.orderitem", "pk": 57, "fields": {"order": 48, "product": 4, "price": "11.55", "quantity": 1, "colour": "pink", "size": "S"}}, {"model": "orders.orderitem", "pk": 58, "fields": {"order": 49, "product": 4, "price": "11.55", "quantity": 1, "colour": "pink", "size": "S"}}, {"model": "orders.orderitem", "pk": 59, "fields": {"order": 50, "product": 4, "price": "11.55", "quantity": 1, "colour": "pink", "size": "S"}}, {"model": "orders.orderitem", "pk": 60, "fields": {"order": 50, "product": 1, "price": "45.40", "quantity": 1, "colour": "pink", "size": "S"}}, {"model": "orders.orderitem", "pk": 61, "fields": {"order": 51, "product": 2, "price": "12.80", "quantity": 1, "colour": "pink", "size": "S"}}, {"model": "orders.orderitem", "pk": 62, "fields": {"order": 53, "product": 2, "price": "12.80", "quantity": 12, "colour": "pink", "size": "S"}}, {"model": "orders.orderitem", "pk": 63, "fields": {"order": 54, "product": 2, "price": "12.80", "quantity": 17, "colour": "pink", "size": "S"}}, {"model": "orders.orderitem", "pk": 64, "fields": {"order": 55, "product": 2, "price": "12.80", "quantity": 10, "colour": "pink", "size": "S"}}, {"model": "orders.orderitem", "pk": 65, "fields": {"order": 56, "product": 2, "price": "12.80", "quantity": 18, "colour": "pink", "size": "M"}}, {"model": "orders.orderitem", "pk": 66, "fields": {"order": 59, "product": 2, "price": "12.80", "quantity": 1, "colour": "pink", "size": "S"}}, {"model": "orders.orderitem", "pk": 67, "fields": {"order": 60, "product": 2, "price": "12.80", "quantity": 1, "colour": "pink", "size": "S"}}, {"model": "orders.orderitem", "pk": 68, "fields": {"order": 62, "product": 2, "price": "12.80", "quantity": 1, "colour": "pink", "size": "S"}}, {"model": "orders.orderitem", "pk": 69, "fields": {"order": 63, "product": 2, "price": "12.80", "quantity": 1, "colour": "pink", "size": "S"}}, {"model": "orders.orderitem", "pk": 70, "fields": {"order": 64, "product": 7, "price": "50.99", "quantity": 1, "colour": "baby pink", "size": "S"}}, {"model": "orders.orderitem", "pk": 71, "fields": {"order": 65, "product": 5, "price": "32.00", "quantity": 1, "colour": "blue", "size": "M"}}, {"model": "orders.orderitem", "pk": 72, "fields": {"order": 66, "product": 5, "price": "32.00", "quantity": 23, "colour": "blue", "size": "M"}}, {"model": "orders.orderitem", "pk": 73, "fields": {"order": 67, "product": 5, "price": "32.00", "quantity": 1, "colour": "blue", "size": "M"}}, {"model": "orders.orderitem", "pk": 74, "fields": {"order": 68, "product": 2, "price": "12.80", "quantity": 1, "colour": "pink", "size": "S"}}, {"model": "orders.orderitem", "pk": 75, "fields": {"order": 68, "product": 3, "price": "18.98", "quantity": 16, "colour": "black", "size": "S"}}, {"model": "orders.orderitem", "pk": 76, "fields": {"order": 68, "product": 7, "price": "50.99", "quantity": 1, "colour": "baby pink", "size": "S"}}, {"model": "orders.orderitem", "pk": 77, "fields": {"order": 69, "product": 6, "price": "18.85", "quantity": 8, "colour": "blue", "size": "S"}}, {"model": "orders.orderitem", "pk": 79, "fields": {"order": 70, "product": 7, "price": "50.99", "quantity": 1, "colour": "baby pink", "size": "S"}}, {"model": "orders.orderitem", "pk": 80, "fields": {"order": 70, "product": 3, "price": "18.98", "quantity": 1, "colour": "black", "size": "S"}}, {"model": "orders.orderitem", "pk": 81, "fields": {"order": 71, "product": 2, "price": "12.80", "quantity": 1, "colour": "pink", "size": "S"}}, {"model": "orders.orderitem", "pk": 82, "fields": {"order": 71, "product": 3, "price": "18.98", "quantity": 1, "colour": "black", "size": "S"}}, {"model": "orders.orderitem", "pk": 83, "fields": {"order": 72, "product": 2, "price": "12.80", "quantity": 1, "colour": "pink", "size": "S"}}, {"model": "orders.orderitem", "pk": 84, "fields": {"order": 73, "product": 2, "price": "12.80", "quantity": 1, "colour": "pink", "size": "S"}}, {"model": "orders.orderitem", "pk": 85, "fields": {"order": 74, "product": 2, "price": "12.80", "quantity": 1, "colour": "pink", "size": "S"}}, {"model": "orders.orderitem", "pk": 86, "fields": {"order": 75, "product": 2, "price": "12.80", "quantity": 1, "colour": "pink", "size": "S"}}, {"model": "orders.orderitem", "pk": 87, "fields": {"order": 76, "product": 2, "price": "12.80", "quantity": 1, "colour": "pink", "size": "S"}}, {"model": "orders.orderitem", "pk": 88, "fields": {"order": 77, "product": 2, "price": "12.80", "quantity": 1, "colour": "pink", "size": "S"}}, {"model": "orders.orderitem", "pk": 89, "fields": {"order": 78, "product": 2, "price": "12.80", "quantity": 1, "colour": "pink", "size": "S"}}, {"model": "orders.orderitem", "pk": 90, "fields": {"order": 79, "product": 2, "price": "12.80", "quantity": 1, "colour": "pink", "size": "S"}}, {"model": "orders.orderitem", "pk": 91, "fields": {"order": 80, "product": 2, "price": "12.80", "quantity": 1, "colour": "pink", "size": "S"}}, {"model": "orders.orderitem", "pk": 92, "fields": {"order": 81, "product": 2, "price": "12.80", "quantity": 1, "colour": "pink", "size": "S"}}, {"model": "orders.orderitem", "pk": 93, "fields": {"order": 82, "product": 2, "price": "12.80", "quantity": 1, "colour": "pink", "size": "S"}}, {"model": "orders.orderitem", "pk": 94, "fields": {"order": 83, "product": 2, "price": "12.80", "quantity": 1, "colour": "pink", "size": "S"}}, {"model": "orders.orderitem", "pk": 95, "fields": {"order": 84, "product": 2, "price": "12.80", "quantity": 1, "colour": "pink", "size": "S"}}, {"model": "orders.orderitem", "pk": 96, "fields": {"order": 85, "product": 2, "price": "12.80", "quantity": 1, "colour": "pink", "size": "S"}}, {"model": "orders.orderitem", "pk": 97, "fields": {"order": 86, "product": 3, "price": "18.98", "quantity": 1, "colour": "black", "size": "S"}}, {"model": "orders.orderitem", "pk": 98, "fields": {"order": 86, "product": 4, "price": "11.55", "quantity": 1, "colour": "pink", "size": "S"}}, {"model": "orders.orderitem", "pk": 99, "fields": {"order": 87, "product": 3, "price": "18.98", "quantity": 1, "colour": "black", "size": "S"}}, {"model": "orders.orderitem", "pk": 100, "fields": {"order": 87, "product": 4, "price": "11.55", "quantity": 1, "colour": "pink", "size": "S"}}, {"model": "orders.orderitem", "pk": 101, "fields": {"order": 88, "product": 2, "price": "12.80", "quantity": 2, "colour": "pink", "size": "S"}}, {"model": "orders.orderitem", "pk": 102, "fields": {"order": 88, "product": 7, "price": "50.99", "quantity": 17, "colour": "baby pink", "size": "S"}}, {"model": "orders.orderitem", "pk": 103, "fields": {"order": 89, "product": 2, "price": "12.80", "quantity": 2, "colour": "pink", "size": "S"}}, {"model": "orders.orderitem", "pk": 104, "fields": {"order": 89, "product": 7, "price": "50.99", "quantity": 17, "colour": "baby pink", "size": "S"}}, {"model": "orders.orderitem", "pk": 105, "fields": {"order": 90, "product": 2, "price": "12.80", "quantity": 2, "colour": "pink", "size": "S"}}, {"model": "orders.orderitem", "pk": 106, "fields": {"order": 90, "product": 7, "price": "50.99", "quantity": 17, "colour": "baby pink", "size": "S"}}, {"model": "orders.orderitem", "pk": 107, "fields": {"order": 91, "product": 2, "price": "12.80", "quantity": 1, "colour": "pink", "size": "S"}}, {"model": "orders.orderitem", "pk": 108, "fields": {"order": 91, "product": 4, "price": "11.55", "quantity": 2, "colour": "pink", "size": "S"}}, {"model": "orders.orderitem", "pk": 109, "fields": {"order": 92, "product": 2, "price": "12.80", "quantity": 3, "colour": "pink", "size": "S"}}, {"model": "orders.orderitem", "pk": 110, "fields": {"order": 92, "product": 7, "price": "50.99", "quantity": 18, "colour": "baby pink", "size": "S"}}, {"model": "orders.orderitem", "pk": 111, "fields": {"order": 93, "product": 2, "price": "12.80", "quantity": 3, "colour": "pink", "size": "S"}}, {"model": "orders.orderitem", "pk": 112, "fields": {"order": 93, "product": 7, "price": "50.99", "quantity": 18, "colour": "baby pink", "size": "S"}}, {"model": "orders.orderitem", "pk": 113, "fields": {"order": 94, "product": 2, "price": "12.80", "quantity": 3, "colour": "pink", "size": "S"}}, {"model": "orders.orderitem", "pk": 114, "fields": {"order": 94, "product": 7, "price": "50.99", "quantity": 18, "colour": "baby pink", "size": "S"}}, {"model": "orders.orderitem", "pk": 115, "fields": {"order": 95, "product": 2, "price": "12.80", "quantity": 3, "colour": "pink", "size": "S"}}, {"model": "orders.orderitem", "pk": 116, "fields": {"order": 95, "product": 7, "price": "50.99", "quantity": 18, "colour": "baby pink", "size": "S"}}, {"model": "orders.orderitem", "pk": 117, "fields": {"order": 96, "product": 2, "price": "12.80", "quantity": 1, "colour": "pink", "size": "S"}}, {"model": "orders.orderitem", "pk": 118, "fields": {"order": 96, "product": 3, "price": "18.98", "quantity": 4, "colour": "black", "size": "S"}}, {"model": "orders.orderitem", "pk": 119, "fields": {"order": 97, "product": 2, "price": "12.80", "quantity": 1, "colour": "pink", "size": "S"}}, {"model": "orders.orderitem", "pk": 120, "fields": {"order": 97, "product": 3, "price": "18.98", "quantity": 4, "colour": "black", "size": "S"}}, {"model": "orders.orderitem", "pk": 121, "fields": {"order": 98, "product": 2, "price": "12.80", "quantity": 1, "colour": "pink", "size": "S"}}, {"model": "orders.orderitem", "pk": 122, "fields": {"order": 98, "product": 7, "price": "50.99", "quantity": 16, "colour": "baby pink", "size": "S"}}, {"model": "orders.orderitem", "pk": 123, "fields": {"order": 99, "product": 2, "price": "12.80", "quantity": 1, "colour": "pink", "size": "S"}}, {"model": "orders.orderitem", "pk": 124, "fields": {"order": 99, "product": 7, "price": "50.99", "quantity": 16, "colour": "baby pink", "size": "S"}}, {"model": "orders.orderitem", "pk": 125, "fields": {"order": 100, "product": 7, "price": "50.99", "quantity": 1, "colour": "baby pink", "size": "S"}}, {"model": "orders.orderitem", "pk": 126, "fields": {"order": 100, "product": 2, "price": "12.80", "quantity": 1, "colour": "pink", "size": "S"}}, {"model": "orders.orderitem", "pk": 127, "fields": {"order": 101, "product": 3, "price": "18.98", "quantity": 1, "colour": "black", "size": "S"}}, {"model": "orders.orderitem", "pk": 128, "fields": {"order": 101, "product": 2, "price": "12.80", "quantity": 1, "colour": "pink", "size": "S"}}, {"model": "orders.orderitem", "pk": 129, "fields": {"order": 102, "product": 2, "price": "12.80", "quantity": 1, "colour": "pink", "size": "S"}}, {"model": "orders.orderitem", "pk": 130, "fields": {"order": 103, "product": 2, "price": "12.80", "quantity": 4, "colour": "pink", "size": "S"}}, {"model": "orders.orderitem", "pk": 131, "fields": {"order": 103, "product": 7, "price": "50.99", "quantity": 2, "colour": "baby pink", "size": "S"}}, {"model": "orders.orderitem", "pk": 132, "fields": {"order": 104, "product": 4, "price": "11.55", "quantity": 1, "colour": "pink", "size": "S"}}, {"model": "orders.orderitem", "pk": 133, "fields": {"order": 104, "product": 7, "price": "50.99", "quantity": 1, "colour": "baby pink", "size": "S"}}, {"model": "orders.orderitem", "pk": 134, "fields": {"order": 105, "product": 2, "price": "12.80", "quantity": 1, "colour": "pink", "size": "S"}}, {"model": "orders.orderitem", "pk": 135, "fields": {"order": 105, "product": 7, "price": "50.99", "quantity": 14, "colour": "baby pink", "size": "S"}}, {"model": "orders.orderitem", "pk": 136, "fields": {"order": 106, "product": 6, "price": "18.85", "quantity": 1, "colour": "blue", "size": "S"}}, {"model": "orders.orderitem", "pk": 137, "fields": {"order": 106, "product": 7, "price": "50.99", "quantity": 1, "colour": "baby pink", "size": "S"}}, {"model": "orders.orderitem", "pk": 138, "fields": {"order": 108, "product": 2, "price": "12.80", "quantity": 2, "colour": "pink", "size": "S"}}, {"model": "orders.orderitem", "pk": 139, "fields": {"order": 108, "product": 7, "price": "50.99", "quantity": 1, "colour": "baby pink", "size": "S"}}, {"model": "orders.orderitem", "pk": 140, "fields": {"order": 109, "product": 7, "price": "50.99", "quantity": 1, "colour": "baby pink", "size": "S"}}, {"model": "orders.orderitem", "pk": 141, "fields": {"order": 109, "product": 3, "price": "18.98", "quantity": 1, "colour": "black", "size": "S"}}, {"model": "orders.orderitem", "pk": 142, "fields": {"order": 110, "product": 2, "price": "12.80", "quantity": 1, "colour": "pink", "size": "S"}}, {"model": "orders.orderitem", "pk": 143, "fields": {"order": 110, "product": 7, "price": "50.99", "quantity": 10, "colour": "baby pink", "size": "S"}}, {"model": "orders.orderitem", "pk": 144, "fields": {"order": 111, "product": 2, "price": "12.80", "quantity": 1, "colour": "pink", "size": "S"}}, {"model": "orders.orderitem", "pk": 145, "fields": {"order": 111, "product": 7, "price": "50.99", "quantity": 1, "colour": "baby pink", "size": "S"}}, {"model": "orders.orderitem", "pk": 146, "fields": {"order": 112, "product": 2, "price": "12.80", "quantity": 1, "colour": "pink", "size": "S"}}, {"model": "orders.orderitem", "pk": 147, "fields": {"order": 113, "product": 6, "price": "18.85", "quantity": 1, "colour": "blue", "size": "S"}}, {"model": "orders.orderitem", "pk": 148, "fields": {"order": 113, "product": 7, "price": "50.99", "quantity": 1, "colour": "baby pink", "size": "S"}}, {"model": "orders.orderitem", "pk": 149, "fields": {"order": 114, "product": 2, "price": "12.80", "quantity": 1, "colour": "pink", "size": "S"}}, {"model": "orders.post", "pk": 1, "fields": {"post_heading": "kogarah is the best", "post_text": "kogarah is the best suburd fjekgfhkjq\r\nandy likes it\r\nroy do nit wafntb to"}}, {"model": "orders.post", "pk": 2, "fields": {"post_heading": "mirant ti d too far", "post_text": "dsffjdskjhf v  harvey  schiool is theree"}}, {"model": "auth.permission", "pk": 1, "fields": {"name": "Can add log entry", "content_type": 1, "codename": "add_logentry"}}, {"model": "auth.permission", "pk": 2, "fields": {"name": "Can change log entry", "content_type": 1, "codename": "change_logentry"}}, {"model": "auth.permission", "pk": 3, "fields": {"name": "Can delete log entry", "content_type": 1, "codename": "delete_logentry"}}, {"model": "auth.permission", "pk": 4, "fields": {"name": "Can view log entry", "content_type": 1, "codename": "view_logentry"}}, {"model": "auth.permission", "pk": 5, "fields": {"name": "Can add permission", "content_type": 2, "codename": "add_permission"}}, {"model": "auth.permission", "pk": 6, "fields": {"name": "Can change permission", "content_type": 2, "codename": "change_permission"}}, {"model": "auth.permission", "pk": 7, "fields": {"name": "Can delete permission", "content_type": 2, "codename": "delete_permission"}}, {"model": "auth.permission", "pk": 8, "fields": {"name": "Can view permission", "content_type": 2, "codename": "view_permission"}}, {"model": "auth.permission", "pk": 9, "fields": {"name": "Can add group", "content_type": 3, "codename": "add_group"}}, {"model": "auth.permission", "pk": 10, "fields": {"name": "Can change group", "content_type": 3, "codename": "change_group"}}, {"model": "auth.permission", "pk": 11, "fields": {"name": "Can delete group", "content_type": 3, "codename": "delete_group"}}, {"model": "auth.permission", "pk": 12, "fields": {"name": "Can view group", "content_type": 3, "codename": "view_group"}}, {"model": "auth.permission", "pk": 13, "fields": {"name": "Can add user", "content_type": 4, "codename": "add_user"}}, {"model": "auth.permission", "pk": 14, "fields": {"name": "Can change user", "content_type": 4, "codename": "change_user"}}, {"model": "auth.permission", "pk": 15, "fields": {"name": "Can delete user", "content_type": 4, "codename": "delete_user"}}, {"model": "auth.permission", "pk": 16, "fields": {"name": "Can view user", "content_type": 4, "codename": "view_user"}}, {"model": "auth.permission", "pk": 17, "fields": {"name": "Can add content type", "content_type": 5, "codename": "add_contenttype"}}, {"model": "auth.permission", "pk": 18, "fields": {"name": "Can change content type", "content_type": 5, "codename": "change_contenttype"}}, {"model": "auth.permission", "pk": 19, "fields": {"name": "Can delete content type", "content_type": 5, "codename": "delete_contenttype"}}, {"model": "auth.permission", "pk": 20, "fields": {"name": "Can view content type", "content_type": 5, "codename": "view_contenttype"}}, {"model": "auth.permission", "pk": 21, "fields": {"name": "Can add session", "content_type": 6, "codename": "add_session"}}, {"model": "auth.permission", "pk": 22, "fields": {"name": "Can change session", "content_type": 6, "codename": "change_session"}}, {"model": "auth.permission", "pk": 23, "fields": {"name": "Can delete session", "content_type": 6, "codename": "delete_session"}}, {"model": "auth.permission", "pk": 24, "fields": {"name": "Can view session", "content_type": 6, "codename": "view_session"}}, {"model": "auth.permission", "pk": 25, "fields": {"name": "Can add album", "content_type": 7, "codename": "add_album"}}, {"model": "auth.permission", "pk": 26, "fields": {"name": "Can change album", "content_type": 7, "codename": "change_album"}}, {"model": "auth.permission", "pk": 27, "fields": {"name": "Can delete album", "content_type": 7, "codename": "delete_album"}}, {"model": "auth.permission", "pk": 28, "fields": {"name": "Can view album", "content_type": 7, "codename": "view_album"}}, {"model": "auth.permission", "pk": 29, "fields": {"name": "Can add musician", "content_type": 8, "codename": "add_musician"}}, {"model": "auth.permission", "pk": 30, "fields": {"name": "Can change musician", "content_type": 8, "codename": "change_musician"}}, {"model": "auth.permission", "pk": 31, "fields": {"name": "Can delete musician", "content_type": 8, "codename": "delete_musician"}}, {"model": "auth.permission", "pk": 32, "fields": {"name": "Can view musician", "content_type": 8, "codename": "view_musician"}}, {"model": "auth.permission", "pk": 33, "fields": {"name": "Can add author", "content_type": 9, "codename": "add_author"}}, {"model": "auth.permission", "pk": 34, "fields": {"name": "Can change author", "content_type": 9, "codename": "change_author"}}, {"model": "auth.permission", "pk": 35, "fields": {"name": "Can delete author", "content_type": 9, "codename": "delete_author"}}, {"model": "auth.permission", "pk": 36, "fields": {"name": "Can view author", "content_type": 9, "codename": "view_author"}}, {"model": "auth.permission", "pk": 37, "fields": {"name": "Can add blog comments", "content_type": 10, "codename": "add_blogcomments"}}, {"model": "auth.permission", "pk": 38, "fields": {"name": "Can change blog comments", "content_type": 10, "codename": "change_blogcomments"}}, {"model": "auth.permission", "pk": 39, "fields": {"name": "Can delete blog comments", "content_type": 10, "codename": "delete_blogcomments"}}, {"model": "auth.permission", "pk": 40, "fields": {"name": "Can view blog comments", "content_type": 10, "codename": "view_blogcomments"}}, {"model": "auth.permission", "pk": 41, "fields": {"name": "Can add file", "content_type": 11, "codename": "add_file"}}, {"model": "auth.permission", "pk": 42, "fields": {"name": "Can change file", "content_type": 11, "codename": "change_file"}}, {"model": "auth.permission", "pk": 43, "fields": {"name": "Can delete file", "content_type": 11, "codename": "delete_file"}}, {"model": "auth.permission", "pk": 44, "fields": {"name": "Can view file", "content_type": 11, "codename": "view_file"}}, {"model": "auth.permission", "pk": 45, "fields": {"name": "Can add ffile", "content_type": 11, "codename": "add_ffile"}}, {"model": "auth.permission", "pk": 46, "fields": {"name": "Can change ffile", "content_type": 11, "codename": "change_ffile"}}, {"model": "auth.permission", "pk": 47, "fields": {"name": "Can delete ffile", "content_type": 11, "codename": "delete_ffile"}}, {"model": "auth.permission", "pk": 48, "fields": {"name": "Can view ffile", "content_type": 11, "codename": "view_ffile"}}, {"model": "auth.permission", "pk": 49, "fields": {"name": "Can add products", "content_type": 12, "codename": "add_products"}}, {"model": "auth.permission", "pk": 50, "fields": {"name": "Can change products", "content_type": 12, "codename": "change_products"}}, {"model": "auth.permission", "pk": 51, "fields": {"name": "Can delete products", "content_type": 12, "codename": "delete_products"}}, {"model": "auth.permission", "pk": 52, "fields": {"name": "Can view products", "content_type": 12, "codename": "view_products"}}, {"model": "auth.permission", "pk": 53, "fields": {"name": "Can add customer", "content_type": 13, "codename": "add_customer"}}, {"model": "auth.permission", "pk": 54, "fields": {"name": "Can change customer", "content_type": 13, "codename": "change_customer"}}, {"model": "auth.permission", "pk": 55, "fields": {"name": "Can delete customer", "content_type": 13, "codename": "delete_customer"}}, {"model": "auth.permission", "pk": 56, "fields": {"name": "Can view customer", "content_type": 13, "codename": "view_customer"}}, {"model": "auth.permission", "pk": 57, "fields": {"name": "Can add order", "content_type": 14, "codename": "add_order"}}, {"model": "auth.permission", "pk": 58, "fields": {"name": "Can change order", "content_type": 14, "codename": "change_order"}}, {"model": "auth.permission", "pk": 59, "fields": {"name": "Can delete order", "content_type": 14, "codename": "delete_order"}}, {"model": "auth.permission", "pk": 60, "fields": {"name": "Can view order", "content_type": 14, "codename": "view_order"}}, {"model": "auth.permission", "pk": 61, "fields": {"name": "Can add orderdetail", "content_type": 15, "codename": "add_orderdetail"}}, {"model": "auth.permission", "pk": 62, "fields": {"name": "Can change orderdetail", "content_type": 15, "codename": "change_orderdetail"}}, {"model": "auth.permission", "pk": 63, "fields": {"name": "Can delete orderdetail", "content_type": 15, "codename": "delete_orderdetail"}}, {"model": "auth.permission", "pk": 64, "fields": {"name": "Can view orderdetail", "content_type": 15, "codename": "view_orderdetail"}}, {"model": "auth.permission", "pk": 65, "fields": {"name": "Can add post", "content_type": 16, "codename": "add_post"}}, {"model": "auth.permission", "pk": 66, "fields": {"name": "Can change post", "content_type": 16, "codename": "change_post"}}, {"model": "auth.permission", "pk": 67, "fields": {"name": "Can delete post", "content_type": 16, "codename": "delete_post"}}, {"model": "auth.permission", "pk": 68, "fields": {"name": "Can view post", "content_type": 16, "codename": "view_post"}}, {"model": "auth.permission", "pk": 69, "fields": {"name": "Can add category", "content_type": 17, "codename": "add_category"}}, {"model": "auth.permission", "pk": 70, "fields": {"name": "Can change category", "content_type": 17, "codename": "change_category"}}, {"model": "auth.permission", "pk": 71, "fields": {"name": "Can delete category", "content_type": 17, "codename": "delete_category"}}, {"model": "auth.permission", "pk": 72, "fields": {"name": "Can view category", "content_type": 17, "codename": "view_category"}}, {"model": "auth.permission", "pk": 73, "fields": {"name": "Can add order item", "content_type": 18, "codename": "add_orderitem"}}, {"model": "auth.permission", "pk": 74, "fields": {"name": "Can change order item", "content_type": 18, "codename": "change_orderitem"}}, {"model": "auth.permission", "pk": 75, "fields": {"name": "Can delete order item", "content_type": 18, "codename": "delete_orderitem"}}, {"model": "auth.permission", "pk": 76, "fields": {"name": "Can view order item", "content_type": 18, "codename": "view_orderitem"}}, {"model": "auth.permission", "pk": 77, "fields": {"name": "Can add order", "content_type": 19, "codename": "add_order"}}, {"model": "auth.permission", "pk": 78, "fields": {"name": "Can change order", "content_type": 19, "codename": "change_order"}}, {"model": "auth.permission", "pk": 79, "fields": {"name": "Can delete order", "content_type": 19, "codename": "delete_order"}}, {"model": "auth.permission", "pk": 80, "fields": {"name": "Can view order", "content_type": 19, "codename": "view_order"}}, {"model": "auth.permission", "pk": 81, "fields": {"name": "Can add sku", "content_type": 20, "codename": "add_sku"}}, {"model": "auth.permission", "pk": 82, "fields": {"name": "Can change sku", "content_type": 20, "codename": "change_sku"}}, {"model": "auth.permission", "pk": 83, "fields": {"name": "Can delete sku", "content_type": 20, "codename": "delete_sku"}}, {"model": "auth.permission", "pk": 84, "fields": {"name": "Can view sku", "content_type": 20, "codename": "view_sku"}}, {"model": "auth.permission", "pk": 85, "fields": {"name": "Can add like", "content_type": 21, "codename": "add_like"}}, {"model": "auth.permission", "pk": 86, "fields": {"name": "Can change like", "content_type": 21, "codename": "change_like"}}, {"model": "auth.permission", "pk": 87, "fields": {"name": "Can delete like", "content_type": 21, "codename": "delete_like"}}, {"model": "auth.permission", "pk": 88, "fields": {"name": "Can view like", "content_type": 21, "codename": "view_like"}}, {"model": "auth.permission", "pk": 89, "fields": {"name": "Can add post", "content_type": 22, "codename": "add_post"}}, {"model": "auth.permission", "pk": 90, "fields": {"name": "Can change post", "content_type": 22, "codename": "change_post"}}, {"model": "auth.permission", "pk": 91, "fields": {"name": "Can delete post", "content_type": 22, "codename": "delete_post"}}, {"model": "auth.permission", "pk": 92, "fields": {"name": "Can view post", "content_type": 22, "codename": "view_post"}}, {"model": "auth.permission", "pk": 93, "fields": {"name": "Can add PayPal IPN", "content_type": 23, "codename": "add_paypalipn"}}, {"model": "auth.permission", "pk": 94, "fields": {"name": "Can change PayPal IPN", "content_type": 23, "codename": "change_paypalipn"}}, {"model": "auth.permission", "pk": 95, "fields": {"name": "Can delete PayPal IPN", "content_type": 23, "codename": "delete_paypalipn"}}, {"model": "auth.permission", "pk": 96, "fields": {"name": "Can view PayPal IPN", "content_type": 23, "codename": "view_paypalipn"}}, {"model": "auth.group", "pk": 1, "fields": {"name": "Harvey", "permissions": [32]}}, {"model": "auth.user", "pk": 1, "fields": {"password": "pbkdf2_sha256$150000$YYNLwnWbEkfF$Zpi+WKUk/JhCSyooEURC3tUeJwvUVIp3QftEh/lOgKo=", "last_login": "2019-06-17T01:10:37.094Z", "is_superuser": true, "username": "roy", "first_name": "", "last_name": "", "email": "yunzhi.liao@me.com", "is_staff": true, "is_active": true, "date_joined": "2019-03-30T22:42:48.638Z", "groups": [], "user_permissions": []}}, {"model": "auth.user", "pk": 2, "fields": {"password": "pbkdf2_sha256$120000$L24AQu5D9cnb$7WdqFidMouFh4KiAdxHYY7FMeaoYW7XyULXNuCkYGLo=", "last_login": null, "is_superuser": false, "username": "harvey", "first_name": "", "last_name": "", "email": "", "is_staff": false, "is_active": true, "date_joined": "2019-03-30T22:47:30Z", "groups": [1], "user_permissions": [1, 2, 8]}}, {"model": "admin.logentry", "pk": 1, "fields": {"action_time": "2019-03-30T22:47:30.484Z", "user": 1, "content_type": 4, "object_id": "2", "object_repr": "harvey", "action_flag": 1, "change_message": "[{\"added\": {}}]"}}, {"model": "admin.logentry", "pk": 2, "fields": {"action_time": "2019-03-30T22:49:33.261Z", "user": 1, "content_type": 4, "object_id": "2", "object_repr": "harvey", "action_flag": 2, "change_message": "[{\"changed\": {\"fields\": [\"is_staff\"]}}]"}}, {"model": "admin.logentry", "pk": 3, "fields": {"action_time": "2019-03-30T22:52:42.500Z", "user": 1, "content_type": 4, "object_id": "2", "object_repr": "harvey", "action_flag": 2, "change_message": "[{\"changed\": {\"fields\": [\"user_permissions\"]}}]"}}, {"model": "admin.logentry", "pk": 4, "fields": {"action_time": "2019-04-03T01:03:14.602Z", "user": 1, "content_type": 8, "object_id": "4", "object_repr": "Roy Liao", "action_flag": 2, "change_message": "[{\"changed\": {\"fields\": [\"first_name\"]}}]"}}, {"model": "admin.logentry", "pk": 5, "fields": {"action_time": "2019-04-03T01:03:53.813Z", "user": 1, "content_type": 8, "object_id": "5", "object_repr": "thomas wang", "action_flag": 1, "change_message": "[{\"added\": {}}]"}}, {"model": "admin.logentry", "pk": 6, "fields": {"action_time": "2019-04-03T01:04:57.863Z", "user": 1, "content_type": 7, "object_id": "1", "object_repr": "Album object (1)", "action_flag": 1, "change_message": "[{\"added\": {}}]"}}, {"model": "admin.logentry", "pk": 7, "fields": {"action_time": "2019-04-07T23:44:14.214Z", "user": 1, "content_type": 8, "object_id": "5", "object_repr": "thomas wang", "action_flag": 3, "change_message": ""}}, {"model": "admin.logentry", "pk": 8, "fields": {"action_time": "2019-04-10T02:05:17.242Z", "user": 1, "content_type": 8, "object_id": "2", "object_repr": "harvey Liao", "action_flag": 2, "change_message": "[{\"changed\": {\"fields\": [\"isf\"]}}]"}}, {"model": "admin.logentry", "pk": 9, "fields": {"action_time": "2019-04-10T02:05:27.127Z", "user": 1, "content_type": 8, "object_id": "3", "object_repr": "Daisy Du", "action_flag": 2, "change_message": "[{\"changed\": {\"fields\": [\"isf\"]}}]"}}, {"model": "admin.logentry", "pk": 10, "fields": {"action_time": "2019-04-10T02:05:41.426Z", "user": 1, "content_type": 8, "object_id": "4", "object_repr": "Roy Liao", "action_flag": 2, "change_message": "[{\"changed\": {\"fields\": [\"isf\"]}}]"}}, {"model": "admin.logentry", "pk": 11, "fields": {"action_time": "2019-04-10T02:05:57.621Z", "user": 1, "content_type": 8, "object_id": "1", "object_repr": "Andy Liao", "action_flag": 2, "change_message": "[{\"changed\": {\"fields\": [\"isf\"]}}]"}}, {"model": "admin.logentry", "pk": 12, "fields": {"action_time": "2019-04-14T00:58:42.970Z", "user": 1, "content_type": 10, "object_id": "4", "object_repr": "BlogComments object (4)", "action_flag": 3, "change_message": ""}}, {"model": "admin.logentry", "pk": 13, "fields": {"action_time": "2019-04-15T01:10:17.775Z", "user": 1, "content_type": 10, "object_id": "24", "object_repr": "BlogComments object (24)", "action_flag": 3, "change_message": ""}}, {"model": "admin.logentry", "pk": 14, "fields": {"action_time": "2019-04-15T01:10:47.924Z", "user": 1, "content_type": 10, "object_id": "9", "object_repr": "BlogComments object (9)", "action_flag": 3, "change_message": ""}}, {"model": "admin.logentry", "pk": 15, "fields": {"action_time": "2019-04-15T01:11:09.771Z", "user": 1, "content_type": 10, "object_id": "22", "object_repr": "BlogComments object (22)", "action_flag": 3, "change_message": ""}}, {"model": "admin.logentry", "pk": 16, "fields": {"action_time": "2019-04-15T01:11:35.195Z", "user": 1, "content_type": 10, "object_id": "28", "object_repr": "BlogComments object (28)", "action_flag": 3, "change_message": ""}}, {"model": "admin.logentry", "pk": 17, "fields": {"action_time": "2019-04-15T01:12:07.030Z", "user": 1, "content_type": 10, "object_id": "25", "object_repr": "BlogComments object (25)", "action_flag": 2, "change_message": "[{\"changed\": {\"fields\": [\"lastname\", \"comment\"]}}]"}}, {"model": "admin.logentry", "pk": 18, "fields": {"action_time": "2019-04-18T01:15:36.888Z", "user": 1, "content_type": 8, "object_id": "23", "object_repr": "harvey du", "action_flag": 2, "change_message": "[{\"changed\": {\"fields\": [\"pic\"]}}]"}}, {"model": "admin.logentry", "pk": 19, "fields": {"action_time": "2019-04-18T01:16:08.250Z", "user": 1, "content_type": 8, "object_id": "1", "object_repr": "Andy Liao", "action_flag": 2, "change_message": "[{\"changed\": {\"fields\": [\"pic\"]}}]"}}, {"model": "admin.logentry", "pk": 20, "fields": {"action_time": "2019-04-18T01:16:27.576Z", "user": 1, "content_type": 8, "object_id": "4", "object_repr": "Roy Liao", "action_flag": 2, "change_message": "[{\"changed\": {\"fields\": [\"pic\"]}}]"}}, {"model": "admin.logentry", "pk": 21, "fields": {"action_time": "2019-04-18T01:16:44.398Z", "user": 1, "content_type": 8, "object_id": "3", "object_repr": "Daisy Du", "action_flag": 2, "change_message": "[{\"changed\": {\"fields\": [\"pic\"]}}]"}}, {"model": "admin.logentry", "pk": 22, "fields": {"action_time": "2019-04-18T01:17:05.127Z", "user": 1, "content_type": 8, "object_id": "28", "object_repr": "Thomas wang", "action_flag": 2, "change_message": "[{\"changed\": {\"fields\": [\"pic\"]}}]"}}, {"model": "admin.logentry", "pk": 23, "fields": {"action_time": "2019-04-18T01:33:47.266Z", "user": 1, "content_type": 8, "object_id": "28", "object_repr": "Thomas wang", "action_flag": 2, "change_message": "[{\"changed\": {\"fields\": [\"pic\"]}}]"}}, {"model": "admin.logentry", "pk": 24, "fields": {"action_time": "2019-04-18T02:11:21.201Z", "user": 1, "content_type": 8, "object_id": "28", "object_repr": "Thomas wang", "action_flag": 2, "change_message": "[{\"changed\": {\"fields\": [\"pic\"]}}]"}}, {"model": "admin.logentry", "pk": 25, "fields": {"action_time": "2019-04-23T00:46:11.148Z", "user": 1, "content_type": 3, "object_id": "1", "object_repr": "Harvey", "action_flag": 1, "change_message": "[{\"added\": {}}]"}}, {"model": "admin.logentry", "pk": 26, "fields": {"action_time": "2019-04-23T00:46:44.946Z", "user": 1, "content_type": 4, "object_id": "2", "object_repr": "harvey", "action_flag": 2, "change_message": "[{\"changed\": {\"fields\": [\"is_staff\", \"groups\"]}}]"}}, {"model": "admin.logentry", "pk": 27, "fields": {"action_time": "2019-04-29T01:25:24.455Z", "user": 1, "content_type": 8, "object_id": "30", "object_repr": "dai du", "action_flag": 1, "change_message": "[{\"added\": {}}]"}}, {"model": "admin.logentry", "pk": 28, "fields": {"action_time": "2019-04-29T01:26:22.526Z", "user": 1, "content_type": 8, "object_id": "31", "object_repr": "lee wang", "action_flag": 1, "change_message": "[{\"added\": {}}]"}}, {"model": "admin.logentry", "pk": 29, "fields": {"action_time": "2019-04-29T01:27:16.558Z", "user": 1, "content_type": 8, "object_id": "32", "object_repr": "ming wanf", "action_flag": 1, "change_message": "[{\"added\": {}}]"}}, {"model": "admin.logentry", "pk": 30, "fields": {"action_time": "2019-04-30T01:28:20.982Z", "user": 1, "content_type": 12, "object_id": "1", "object_repr": "short f1 s-1227", "action_flag": 1, "change_message": "[{\"added\": {}}]"}}, {"model": "admin.logentry", "pk": 31, "fields": {"action_time": "2019-04-30T01:36:58.677Z", "user": 1, "content_type": 12, "object_id": "2", "object_repr": "FESTIVITY OFF THE SHOULDER TOP s-2334", "action_flag": 1, "change_message": "[{\"added\": {}}]"}}, {"model": "admin.logentry", "pk": 32, "fields": {"action_time": "2019-04-30T01:37:28.337Z", "user": 1, "content_type": 12, "object_id": "1", "object_repr": "short f1 s-1227", "action_flag": 2, "change_message": "[{\"changed\": {\"fields\": [\"price\"]}}]"}}, {"model": "admin.logentry", "pk": 33, "fields": {"action_time": "2019-04-30T01:54:21.860Z", "user": 1, "content_type": 12, "object_id": "3", "object_repr": "fashion p 13 p1335", "action_flag": 1, "change_message": "[{\"added\": {}}]"}}, {"model": "admin.logentry", "pk": 34, "fields": {"action_time": "2019-05-01T01:49:48.950Z", "user": 1, "content_type": 13, "object_id": "1", "object_repr": "royj yunzhi.liao@me.com", "action_flag": 1, "change_message": "[{\"added\": {}}]"}}, {"model": "admin.logentry", "pk": 35, "fields": {"action_time": "2019-05-01T01:50:22.505Z", "user": 1, "content_type": 13, "object_id": "2", "object_repr": "harvey yunzhi.liao@gmail.com", "action_flag": 1, "change_message": "[{\"added\": {}}]"}}, {"model": "admin.logentry", "pk": 36, "fields": {"action_time": "2019-05-01T01:54:27.113Z", "user": 1, "content_type": 13, "object_id": "3", "object_repr": "harvey yunzhi.liao@gmail.com", "action_flag": 1, "change_message": "[{\"added\": {}}]"}}, {"model": "admin.logentry", "pk": 37, "fields": {"action_time": "2019-05-01T02:01:34.740Z", "user": 1, "content_type": 13, "object_id": "2", "object_repr": "harvey yunzhi.liao@gmail.com", "action_flag": 3, "change_message": ""}}, {"model": "admin.logentry", "pk": 38, "fields": {"action_time": "2019-05-01T02:05:37.125Z", "user": 1, "content_type": 13, "object_id": "1", "object_repr": "royj yunzhi.liao@me.com", "action_flag": 2, "change_message": "[{\"changed\": {\"fields\": [\"customerno\"]}}]"}}, {"model": "admin.logentry", "pk": 39, "fields": {"action_time": "2019-05-01T02:11:05.531Z", "user": 1, "content_type": 14, "object_id": "1", "object_repr": "Order object (1)", "action_flag": 1, "change_message": "[{\"added\": {}}]"}}, {"model": "admin.logentry", "pk": 40, "fields": {"action_time": "2019-05-01T02:12:01.986Z", "user": 1, "content_type": 15, "object_id": "1", "object_repr": "Orderdetail object (1)", "action_flag": 1, "change_message": "[{\"added\": {}}]"}}, {"model": "admin.logentry", "pk": 41, "fields": {"action_time": "2019-05-01T02:14:02.679Z", "user": 1, "content_type": 14, "object_id": "2", "object_repr": "Order object (2)", "action_flag": 1, "change_message": "[{\"added\": {}}]"}}, {"model": "admin.logentry", "pk": 42, "fields": {"action_time": "2019-05-01T02:14:19.896Z", "user": 1, "content_type": 14, "object_id": "1", "object_repr": "Order object (1)", "action_flag": 2, "change_message": "[{\"changed\": {\"fields\": [\"note\"]}}]"}}, {"model": "admin.logentry", "pk": 43, "fields": {"action_time": "2019-05-01T23:22:30.402Z", "user": 1, "content_type": 14, "object_id": "3", "object_repr": "Order object (3)", "action_flag": 1, "change_message": "[{\"added\": {}}]"}}, {"model": "admin.logentry", "pk": 44, "fields": {"action_time": "2019-05-01T23:23:33.910Z", "user": 1, "content_type": 15, "object_id": "2", "object_repr": "Orderdetail object (2)", "action_flag": 1, "change_message": "[{\"added\": {}}]"}}, {"model": "admin.logentry", "pk": 45, "fields": {"action_time": "2019-05-01T23:30:21.702Z", "user": 1, "content_type": 12, "object_id": "3", "object_repr": "fashion p 13 p1335", "action_flag": 2, "change_message": "[{\"changed\": {\"fields\": [\"size\"]}}]"}}, {"model": "admin.logentry", "pk": 46, "fields": {"action_time": "2019-05-01T23:31:25.226Z", "user": 1, "content_type": 12, "object_id": "1", "object_repr": "short f1 s-1227", "action_flag": 2, "change_message": "[{\"changed\": {\"fields\": [\"size\", \"pic\"]}}]"}}, {"model": "admin.logentry", "pk": 47, "fields": {"action_time": "2019-05-01T23:32:17.804Z", "user": 1, "content_type": 12, "object_id": "1", "object_repr": "style1 s-1227", "action_flag": 2, "change_message": "[{\"changed\": {\"fields\": [\"p_name\"]}}]"}}, {"model": "admin.logentry", "pk": 48, "fields": {"action_time": "2019-05-01T23:34:53.148Z", "user": 1, "content_type": 12, "object_id": "4", "object_repr": "style jacket 1234", "action_flag": 1, "change_message": "[{\"added\": {}}]"}}, {"model": "admin.logentry", "pk": 49, "fields": {"action_time": "2019-05-02T00:52:00.237Z", "user": 1, "content_type": 12, "object_id": "4", "object_repr": "style jacket 1234", "action_flag": 2, "change_message": "[{\"changed\": {\"fields\": [\"price\"]}}]"}}, {"model": "admin.logentry", "pk": 50, "fields": {"action_time": "2019-05-03T00:42:24.738Z", "user": 1, "content_type": 12, "object_id": "1", "object_repr": "style1 s-1227", "action_flag": 2, "change_message": "[{\"changed\": {\"fields\": [\"stock\", \"sls\", \"slc\"]}}]"}}, {"model": "admin.logentry", "pk": 51, "fields": {"action_time": "2019-05-03T00:43:34.123Z", "user": 1, "content_type": 12, "object_id": "1", "object_repr": "style1 s-1227", "action_flag": 2, "change_message": "[{\"changed\": {\"fields\": [\"sls\"]}}]"}}, {"model": "admin.logentry", "pk": 52, "fields": {"action_time": "2019-05-03T00:46:09.095Z", "user": 1, "content_type": 12, "object_id": "1", "object_repr": "style1 s-1227", "action_flag": 2, "change_message": "[{\"changed\": {\"fields\": [\"slc\"]}}]"}}, {"model": "admin.logentry", "pk": 53, "fields": {"action_time": "2019-05-06T03:11:20.109Z", "user": 1, "content_type": 13, "object_id": "3", "object_repr": "Customer object (3)", "action_flag": 3, "change_message": ""}}, {"model": "admin.logentry", "pk": 54, "fields": {"action_time": "2019-05-06T03:11:20.275Z", "user": 1, "content_type": 13, "object_id": "1", "object_repr": "Customer object (1)", "action_flag": 3, "change_message": ""}}, {"model": "admin.logentry", "pk": 55, "fields": {"action_time": "2019-05-06T05:31:50.697Z", "user": 1, "content_type": 14, "object_id": "4", "object_repr": "Order object (4)", "action_flag": 1, "change_message": "[{\"added\": {}}]"}}, {"model": "admin.logentry", "pk": 56, "fields": {"action_time": "2019-05-06T05:32:58.554Z", "user": 1, "content_type": 14, "object_id": "5", "object_repr": "Order object (5)", "action_flag": 1, "change_message": "[{\"added\": {}}]"}}, {"model": "admin.logentry", "pk": 57, "fields": {"action_time": "2019-05-06T05:48:08.520Z", "user": 1, "content_type": 14, "object_id": "6", "object_repr": "Order object (6)", "action_flag": 1, "change_message": "[{\"added\": {}}]"}}, {"model": "admin.logentry", "pk": 58, "fields": {"action_time": "2019-05-06T05:48:24.786Z", "user": 1, "content_type": 14, "object_id": "6", "object_repr": "Order object (6)", "action_flag": 2, "change_message": "[{\"changed\": {\"fields\": [\"note\"]}}]"}}, {"model": "admin.logentry", "pk": 59, "fields": {"action_time": "2019-05-07T01:54:58.763Z", "user": 1, "content_type": 13, "object_id": "14", "object_repr": "Customer object (14)", "action_flag": 3, "change_message": ""}}, {"model": "admin.logentry", "pk": 60, "fields": {"action_time": "2019-05-07T01:55:29.191Z", "user": 1, "content_type": 13, "object_id": "19", "object_repr": "Customer object (19)", "action_flag": 3, "change_message": ""}}, {"model": "admin.logentry", "pk": 61, "fields": {"action_time": "2019-05-07T01:55:29.350Z", "user": 1, "content_type": 13, "object_id": "18", "object_repr": "Customer object (18)", "action_flag": 3, "change_message": ""}}, {"model": "admin.logentry", "pk": 62, "fields": {"action_time": "2019-05-07T01:55:29.527Z", "user": 1, "content_type": 13, "object_id": "17", "object_repr": "Customer object (17)", "action_flag": 3, "change_message": ""}}, {"model": "admin.logentry", "pk": 63, "fields": {"action_time": "2019-05-07T01:55:29.735Z", "user": 1, "content_type": 13, "object_id": "16", "object_repr": "Customer object (16)", "action_flag": 3, "change_message": ""}}, {"model": "admin.logentry", "pk": 64, "fields": {"action_time": "2019-05-07T01:55:30.034Z", "user": 1, "content_type": 13, "object_id": "15", "object_repr": "Customer object (15)", "action_flag": 3, "change_message": ""}}, {"model": "admin.logentry", "pk": 65, "fields": {"action_time": "2019-05-07T01:55:30.216Z", "user": 1, "content_type": 13, "object_id": "13", "object_repr": "Customer object (13)", "action_flag": 3, "change_message": ""}}, {"model": "admin.logentry", "pk": 66, "fields": {"action_time": "2019-05-07T01:55:30.372Z", "user": 1, "content_type": 13, "object_id": "12", "object_repr": "Customer object (12)", "action_flag": 3, "change_message": ""}}, {"model": "admin.logentry", "pk": 67, "fields": {"action_time": "2019-05-07T01:55:30.517Z", "user": 1, "content_type": 13, "object_id": "11", "object_repr": "Customer object (11)", "action_flag": 3, "change_message": ""}}, {"model": "admin.logentry", "pk": 68, "fields": {"action_time": "2019-05-07T01:55:30.706Z", "user": 1, "content_type": 13, "object_id": "10", "object_repr": "Customer object (10)", "action_flag": 3, "change_message": ""}}, {"model": "admin.logentry", "pk": 69, "fields": {"action_time": "2019-05-08T01:23:04.963Z", "user": 1, "content_type": 12, "object_id": "4", "object_repr": "style jacket 1234", "action_flag": 2, "change_message": "[{\"changed\": {\"fields\": [\"category\"]}}]"}}, {"model": "admin.logentry", "pk": 70, "fields": {"action_time": "2019-05-08T01:23:21.551Z", "user": 1, "content_type": 12, "object_id": "3", "object_repr": "fashion p 13 p1335", "action_flag": 2, "change_message": "[{\"changed\": {\"fields\": [\"category\"]}}]"}}, {"model": "admin.logentry", "pk": 71, "fields": {"action_time": "2019-05-08T01:23:43.507Z", "user": 1, "content_type": 12, "object_id": "2", "object_repr": "FESTIVITY OFF THE SHOULDER TOP s-2334", "action_flag": 2, "change_message": "[{\"changed\": {\"fields\": [\"category\", \"size\"]}}]"}}, {"model": "admin.logentry", "pk": 72, "fields": {"action_time": "2019-05-08T01:23:59.354Z", "user": 1, "content_type": 12, "object_id": "1", "object_repr": "style1 s-1227", "action_flag": 2, "change_message": "[{\"changed\": {\"fields\": [\"category\"]}}]"}}, {"model": "admin.logentry", "pk": 73, "fields": {"action_time": "2019-05-08T01:26:53.291Z", "user": 1, "content_type": 12, "object_id": "4", "object_repr": "style jacket 1234", "action_flag": 2, "change_message": "[{\"changed\": {\"fields\": [\"category\"]}}]"}}, {"model": "admin.logentry", "pk": 74, "fields": {"action_time": "2019-05-08T01:27:00.993Z", "user": 1, "content_type": 12, "object_id": "3", "object_repr": "fashion p 13 p1335", "action_flag": 2, "change_message": "[{\"changed\": {\"fields\": [\"category\"]}}]"}}, {"model": "admin.logentry", "pk": 75, "fields": {"action_time": "2019-05-08T01:27:12.602Z", "user": 1, "content_type": 12, "object_id": "2", "object_repr": "FESTIVITY OFF THE SHOULDER TOP s-2334", "action_flag": 2, "change_message": "[{\"changed\": {\"fields\": [\"category\"]}}]"}}, {"model": "admin.logentry", "pk": 76, "fields": {"action_time": "2019-05-08T01:27:20.877Z", "user": 1, "content_type": 12, "object_id": "1", "object_repr": "style1 s-1227", "action_flag": 2, "change_message": "[{\"changed\": {\"fields\": [\"category\"]}}]"}}, {"model": "admin.logentry", "pk": 77, "fields": {"action_time": "2019-05-08T01:30:12.470Z", "user": 1, "content_type": 17, "object_id": "1", "object_repr": "Dress", "action_flag": 1, "change_message": "[{\"added\": {}}]"}}, {"model": "admin.logentry", "pk": 78, "fields": {"action_time": "2019-05-08T01:30:30.854Z", "user": 1, "content_type": 17, "object_id": "2", "object_repr": "Jacket", "action_flag": 1, "change_message": "[{\"added\": {}}]"}}, {"model": "admin.logentry", "pk": 79, "fields": {"action_time": "2019-05-08T01:30:43.718Z", "user": 1, "content_type": 17, "object_id": "3", "object_repr": "Top", "action_flag": 1, "change_message": "[{\"added\": {}}]"}}, {"model": "admin.logentry", "pk": 80, "fields": {"action_time": "2019-05-08T01:30:59.682Z", "user": 1, "content_type": 17, "object_id": "4", "object_repr": "Short", "action_flag": 1, "change_message": "[{\"added\": {}}]"}}, {"model": "admin.logentry", "pk": 81, "fields": {"action_time": "2019-05-08T01:31:11.607Z", "user": 1, "content_type": 17, "object_id": "5", "object_repr": "shirt", "action_flag": 1, "change_message": "[{\"added\": {}}]"}}, {"model": "admin.logentry", "pk": 82, "fields": {"action_time": "2019-05-08T01:31:21.676Z", "user": 1, "content_type": 17, "object_id": "5", "object_repr": "Shirt", "action_flag": 2, "change_message": "[{\"changed\": {\"fields\": [\"name\"]}}]"}}, {"model": "admin.logentry", "pk": 83, "fields": {"action_time": "2019-05-08T01:38:07.698Z", "user": 1, "content_type": 12, "object_id": "5", "object_repr": "style shiorrt newcode", "action_flag": 1, "change_message": "[{\"added\": {}}]"}}, {"model": "admin.logentry", "pk": 84, "fields": {"action_time": "2019-05-08T01:39:16.953Z", "user": 1, "content_type": 12, "object_id": "6", "object_repr": "style shiorrt newcode", "action_flag": 1, "change_message": "[{\"added\": {}}]"}}, {"model": "admin.logentry", "pk": 85, "fields": {"action_time": "2019-05-08T01:40:24.095Z", "user": 1, "content_type": 12, "object_id": "6", "object_repr": "style shiorrt newcode", "action_flag": 3, "change_message": ""}}, {"model": "admin.logentry", "pk": 86, "fields": {"action_time": "2019-05-08T03:06:19.700Z", "user": 1, "content_type": 12, "object_id": "2", "object_repr": "FESTIVITY OFF THE SHOULDER TOP", "action_flag": 2, "change_message": "[{\"changed\": {\"fields\": [\"slug\", \"image\"]}}]"}}, {"model": "admin.logentry", "pk": 87, "fields": {"action_time": "2019-05-17T00:05:18.750Z", "user": 1, "content_type": 19, "object_id": "1", "object_repr": "Order 1", "action_flag": 1, "change_message": "[{\"added\": {}}]"}}, {"model": "admin.logentry", "pk": 88, "fields": {"action_time": "2019-05-17T00:05:59.467Z", "user": 1, "content_type": 18, "object_id": "1", "object_repr": "1", "action_flag": 1, "change_message": "[{\"added\": {}}]"}}, {"model": "admin.logentry", "pk": 89, "fields": {"action_time": "2019-05-22T00:31:18.059Z", "user": 1, "content_type": 18, "object_id": "16", "object_repr": "16", "action_flag": 2, "change_message": "[{\"changed\": {\"fields\": [\"order\"]}}]"}}, {"model": "admin.logentry", "pk": 90, "fields": {"action_time": "2019-05-22T23:36:03.555Z", "user": 1, "content_type": 12, "object_id": "2", "object_repr": "FESTIVITY OFF THE SHOULDER TOP", "action_flag": 2, "change_message": "[{\"changed\": {\"fields\": [\"description\"]}}]"}}, {"model": "admin.logentry", "pk": 91, "fields": {"action_time": "2019-05-22T23:40:51.383Z", "user": 1, "content_type": 12, "object_id": "2", "object_repr": "FESTIVITY OFF THE SHOULDER TOP", "action_flag": 2, "change_message": "[]"}}, {"model": "admin.logentry", "pk": 92, "fields": {"action_time": "2019-05-22T23:45:55.355Z", "user": 1, "content_type": 12, "object_id": "6", "object_repr": "HEARTLAND BLOUSE", "action_flag": 1, "change_message": "[{\"added\": {}}]"}}, {"model": "admin.logentry", "pk": 93, "fields": {"action_time": "2019-05-22T23:48:13.115Z", "user": 1, "content_type": 12, "object_id": "6", "object_repr": "HEARTLAND BLOUSE", "action_flag": 2, "change_message": "[{\"changed\": {\"fields\": [\"image\"]}}]"}}, {"model": "admin.logentry", "pk": 94, "fields": {"action_time": "2019-05-22T23:48:35.542Z", "user": 1, "content_type": 12, "object_id": "6", "object_repr": "HEARTLAND BLOUSE", "action_flag": 2, "change_message": "[{\"changed\": {\"fields\": [\"pic\"]}}]"}}, {"model": "admin.logentry", "pk": 95, "fields": {"action_time": "2019-05-22T23:48:50.533Z", "user": 1, "content_type": 12, "object_id": "6", "object_repr": "HEARTLAND BLOUSE", "action_flag": 2, "change_message": "[{\"changed\": {\"fields\": [\"price\"]}}]"}}, {"model": "admin.logentry", "pk": 96, "fields": {"action_time": "2019-05-22T23:54:09.948Z", "user": 1, "content_type": 12, "object_id": "2", "object_repr": "FESTIVITY OFF THE SHOULDER TOP", "action_flag": 2, "change_message": "[{\"changed\": {\"fields\": [\"description\"]}}]"}}, {"model": "admin.logentry", "pk": 97, "fields": {"action_time": "2019-05-22T23:54:21.967Z", "user": 1, "content_type": 12, "object_id": "3", "object_repr": "fashion p 13", "action_flag": 2, "change_message": "[{\"changed\": {\"fields\": [\"description\"]}}]"}}, {"model": "admin.logentry", "pk": 98, "fields": {"action_time": "2019-05-22T23:54:34.149Z", "user": 1, "content_type": 12, "object_id": "4", "object_repr": "style jacket", "action_flag": 2, "change_message": "[{\"changed\": {\"fields\": [\"description\"]}}]"}}, {"model": "admin.logentry", "pk": 99, "fields": {"action_time": "2019-05-22T23:54:45.626Z", "user": 1, "content_type": 12, "object_id": "5", "object_repr": "style shiorrt", "action_flag": 2, "change_message": "[{\"changed\": {\"fields\": [\"description\"]}}]"}}, {"model": "admin.logentry", "pk": 100, "fields": {"action_time": "2019-05-22T23:54:55.026Z", "user": 1, "content_type": 12, "object_id": "1", "object_repr": "style1", "action_flag": 2, "change_message": "[{\"changed\": {\"fields\": [\"description\"]}}]"}}, {"model": "admin.logentry", "pk": 101, "fields": {"action_time": "2019-05-23T00:32:34.135Z", "user": 1, "content_type": 12, "object_id": "6", "object_repr": "HEARTLAND BLOUSE", "action_flag": 2, "change_message": "[{\"changed\": {\"fields\": [\"pic\"]}}]"}}, {"model": "admin.logentry", "pk": 102, "fields": {"action_time": "2019-05-23T00:33:56.491Z", "user": 1, "content_type": 12, "object_id": "5", "object_repr": "style shiorrt", "action_flag": 2, "change_message": "[{\"changed\": {\"fields\": [\"pic\"]}}]"}}, {"model": "admin.logentry", "pk": 103, "fields": {"action_time": "2019-05-23T00:48:06.060Z", "user": 1, "content_type": 12, "object_id": "6", "object_repr": "HEARTLAND BLOUSE", "action_flag": 2, "change_message": "[{\"changed\": {\"fields\": [\"pic\"]}}]"}}, {"model": "admin.logentry", "pk": 104, "fields": {"action_time": "2019-05-23T00:50:29.543Z", "user": 1, "content_type": 12, "object_id": "4", "object_repr": "style jacket", "action_flag": 2, "change_message": "[{\"changed\": {\"fields\": [\"pic\"]}}]"}}, {"model": "admin.logentry", "pk": 105, "fields": {"action_time": "2019-05-23T00:51:01.113Z", "user": 1, "content_type": 12, "object_id": "5", "object_repr": "style shiorrt", "action_flag": 2, "change_message": "[{\"changed\": {\"fields\": [\"pic\"]}}]"}}, {"model": "admin.logentry", "pk": 106, "fields": {"action_time": "2019-05-23T00:53:57.260Z", "user": 1, "content_type": 12, "object_id": "3", "object_repr": "fashion p 13", "action_flag": 2, "change_message": "[{\"changed\": {\"fields\": [\"pic\"]}}]"}}, {"model": "admin.logentry", "pk": 107, "fields": {"action_time": "2019-05-23T01:03:32.761Z", "user": 1, "content_type": 12, "object_id": "4", "object_repr": "style jacket", "action_flag": 2, "change_message": "[{\"changed\": {\"fields\": [\"pic\"]}}]"}}, {"model": "admin.logentry", "pk": 108, "fields": {"action_time": "2019-05-23T01:06:15.186Z", "user": 1, "content_type": 12, "object_id": "4", "object_repr": "style jacket", "action_flag": 2, "change_message": "[{\"changed\": {\"fields\": [\"pic\"]}}]"}}, {"model": "admin.logentry", "pk": 109, "fields": {"action_time": "2019-05-23T23:59:37.680Z", "user": 1, "content_type": 12, "object_id": "3", "object_repr": "fashion p 13", "action_flag": 2, "change_message": "[{\"changed\": {\"fields\": [\"slc\"]}}]"}}, {"model": "admin.logentry", "pk": 110, "fields": {"action_time": "2019-05-24T00:01:15.704Z", "user": 1, "content_type": 12, "object_id": "2", "object_repr": "FESTIVITY OFF THE SHOULDER TOP", "action_flag": 2, "change_message": "[{\"changed\": {\"fields\": [\"slc\"]}}]"}}, {"model": "admin.logentry", "pk": 111, "fields": {"action_time": "2019-05-24T00:01:47.604Z", "user": 1, "content_type": 12, "object_id": "6", "object_repr": "HEARTLAND BLOUSE", "action_flag": 2, "change_message": "[{\"changed\": {\"fields\": [\"slc\"]}}]"}}, {"model": "admin.logentry", "pk": 112, "fields": {"action_time": "2019-05-24T00:02:21.948Z", "user": 1, "content_type": 12, "object_id": "4", "object_repr": "style jacket", "action_flag": 2, "change_message": "[{\"changed\": {\"fields\": [\"slc\"]}}]"}}, {"model": "admin.logentry", "pk": 113, "fields": {"action_time": "2019-05-24T00:03:00.422Z", "user": 1, "content_type": 12, "object_id": "5", "object_repr": "style shiorrt", "action_flag": 2, "change_message": "[{\"changed\": {\"fields\": [\"slc\"]}}]"}}, {"model": "admin.logentry", "pk": 114, "fields": {"action_time": "2019-05-24T00:03:30.282Z", "user": 1, "content_type": 12, "object_id": "1", "object_repr": "style1", "action_flag": 2, "change_message": "[{\"changed\": {\"fields\": [\"slc\"]}}]"}}, {"model": "admin.logentry", "pk": 115, "fields": {"action_time": "2019-05-24T00:06:30.864Z", "user": 1, "content_type": 12, "object_id": "7", "object_repr": "white floery shirt", "action_flag": 1, "change_message": "[{\"added\": {}}]"}}, {"model": "admin.logentry", "pk": 116, "fields": {"action_time": "2019-05-25T23:58:31.008Z", "user": 1, "content_type": 20, "object_id": "1", "object_repr": "Sku object (1)", "action_flag": 1, "change_message": "[{\"added\": {}}]"}}, {"model": "admin.logentry", "pk": 117, "fields": {"action_time": "2019-05-25T23:59:51.331Z", "user": 1, "content_type": 20, "object_id": "1", "object_repr": "Sku object (1)", "action_flag": 2, "change_message": "[{\"changed\": {\"fields\": [\"size\"]}}]"}}, {"model": "admin.logentry", "pk": 118, "fields": {"action_time": "2019-05-26T00:01:09.119Z", "user": 1, "content_type": 20, "object_id": "2", "object_repr": "Sku object (2)", "action_flag": 1, "change_message": "[{\"added\": {}}]"}}, {"model": "admin.logentry", "pk": 119, "fields": {"action_time": "2019-05-26T23:52:45.233Z", "user": 1, "content_type": 22, "object_id": "1", "object_repr": "Post object (1)", "action_flag": 1, "change_message": "[{\"added\": {}}]"}}, {"model": "admin.logentry", "pk": 120, "fields": {"action_time": "2019-05-26T23:53:31.733Z", "user": 1, "content_type": 22, "object_id": "2", "object_repr": "Post object (2)", "action_flag": 1, "change_message": "[{\"added\": {}}]"}}, {"model": "admin.logentry", "pk": 121, "fields": {"action_time": "2019-05-28T04:18:39.105Z", "user": 1, "content_type": 20, "object_id": "1", "object_repr": "Sku object (1)", "action_flag": 2, "change_message": "[{\"changed\": {\"fields\": [\"stock\"]}}]"}}, {"model": "admin.logentry", "pk": 122, "fields": {"action_time": "2019-05-28T23:56:18.878Z", "user": 1, "content_type": 12, "object_id": "2", "object_repr": "FESTIVITY OFF THE SHOULDER TOP", "action_flag": 2, "change_message": "[{\"changed\": {\"fields\": [\"p_code\"]}}]"}}, {"model": "admin.logentry", "pk": 123, "fields": {"action_time": "2019-05-28T23:57:02.577Z", "user": 1, "content_type": 12, "object_id": "1", "object_repr": "style1", "action_flag": 2, "change_message": "[{\"changed\": {\"fields\": [\"p_code\"]}}]"}}, {"model": "admin.logentry", "pk": 124, "fields": {"action_time": "2019-05-28T23:57:36.044Z", "user": 1, "content_type": 12, "object_id": "7", "object_repr": "white floery shirt", "action_flag": 2, "change_message": "[{\"changed\": {\"fields\": [\"p_code\"]}}]"}}, {"model": "admin.logentry", "pk": 125, "fields": {"action_time": "2019-05-28T23:58:34.247Z", "user": 1, "content_type": 20, "object_id": "2", "object_repr": "Sku object (2)", "action_flag": 2, "change_message": "[]"}}, {"model": "admin.logentry", "pk": 126, "fields": {"action_time": "2019-05-29T00:00:39.766Z", "user": 1, "content_type": 20, "object_id": "3", "object_repr": "Sku object (3)", "action_flag": 1, "change_message": "[{\"added\": {}}]"}}, {"model": "admin.logentry", "pk": 127, "fields": {"action_time": "2019-05-29T00:08:09.246Z", "user": 1, "content_type": 20, "object_id": "1", "object_repr": "Sku object (1)", "action_flag": 2, "change_message": "[{\"changed\": {\"fields\": [\"sku\"]}}]"}}, {"model": "admin.logentry", "pk": 128, "fields": {"action_time": "2019-05-29T00:13:52.203Z", "user": 1, "content_type": 20, "object_id": "2", "object_repr": "Sku object (2)", "action_flag": 2, "change_message": "[{\"changed\": {\"fields\": [\"colour\"]}}]"}}, {"model": "admin.logentry", "pk": 129, "fields": {"action_time": "2019-05-29T00:15:15.125Z", "user": 1, "content_type": 20, "object_id": "2", "object_repr": "Sku object (2)", "action_flag": 2, "change_message": "[{\"changed\": {\"fields\": [\"sku\"]}}]"}}, {"model": "admin.logentry", "pk": 130, "fields": {"action_time": "2019-05-29T00:37:09.959Z", "user": 1, "content_type": 20, "object_id": "2", "object_repr": "Sku object (2)", "action_flag": 3, "change_message": ""}}, {"model": "admin.logentry", "pk": 131, "fields": {"action_time": "2019-05-29T00:37:18.119Z", "user": 1, "content_type": 20, "object_id": "3", "object_repr": "Sku object (3)", "action_flag": 3, "change_message": ""}}, {"model": "admin.logentry", "pk": 132, "fields": {"action_time": "2019-05-29T00:37:32.593Z", "user": 1, "content_type": 20, "object_id": "1", "object_repr": "Sku object (1)", "action_flag": 3, "change_message": ""}}, {"model": "admin.logentry", "pk": 133, "fields": {"action_time": "2019-05-29T00:57:26.356Z", "user": 1, "content_type": 20, "object_id": "1", "object_repr": "Sku object (1)", "action_flag": 1, "change_message": "[{\"added\": {}}]"}}, {"model": "admin.logentry", "pk": 134, "fields": {"action_time": "2019-05-29T00:58:44.854Z", "user": 1, "content_type": 20, "object_id": "1", "object_repr": "Sku object (1)", "action_flag": 2, "change_message": "[]"}}, {"model": "admin.logentry", "pk": 135, "fields": {"action_time": "2019-05-29T00:59:31.612Z", "user": 1, "content_type": 20, "object_id": "2", "object_repr": "Sku object (2)", "action_flag": 1, "change_message": "[{\"added\": {}}]"}}, {"model": "admin.logentry", "pk": 136, "fields": {"action_time": "2019-05-29T01:00:48.962Z", "user": 1, "content_type": 20, "object_id": "3", "object_repr": "Sku object (3)", "action_flag": 1, "change_message": "[{\"added\": {}}]"}}, {"model": "admin.logentry", "pk": 137, "fields": {"action_time": "2019-05-29T01:03:09.068Z", "user": 1, "content_type": 20, "object_id": "4", "object_repr": "Sku object (4)", "action_flag": 1, "change_message": "[{\"added\": {}}]"}}, {"model": "admin.logentry", "pk": 138, "fields": {"action_time": "2019-05-29T01:05:12.092Z", "user": 1, "content_type": 20, "object_id": "5", "object_repr": "Sku object (5)", "action_flag": 1, "change_message": "[{\"added\": {}}]"}}, {"model": "admin.logentry", "pk": 139, "fields": {"action_time": "2019-05-29T01:07:10.336Z", "user": 1, "content_type": 20, "object_id": "6", "object_repr": "Sku object (6)", "action_flag": 1, "change_message": "[{\"added\": {}}]"}}, {"model": "admin.logentry", "pk": 140, "fields": {"action_time": "2019-05-29T01:07:55.448Z", "user": 1, "content_type": 20, "object_id": "6", "object_repr": "Sku object (6)", "action_flag": 2, "change_message": "[{\"changed\": {\"fields\": [\"colour\"]}}]"}}, {"model": "admin.logentry", "pk": 141, "fields": {"action_time": "2019-05-29T01:08:52.114Z", "user": 1, "content_type": 20, "object_id": "6", "object_repr": "Sku object (6)", "action_flag": 2, "change_message": "[{\"changed\": {\"fields\": [\"colour\"]}}]"}}, {"model": "admin.logentry", "pk": 142, "fields": {"action_time": "2019-05-29T01:10:15.025Z", "user": 1, "content_type": 20, "object_id": "6", "object_repr": "Sku object (6)", "action_flag": 2, "change_message": "[{\"changed\": {\"fields\": [\"colour\"]}}]"}}, {"model": "admin.logentry", "pk": 143, "fields": {"action_time": "2019-05-29T01:10:47.327Z", "user": 1, "content_type": 20, "object_id": "6", "object_repr": "Sku object (6)", "action_flag": 2, "change_message": "[{\"changed\": {\"fields\": [\"colour\"]}}]"}}, {"model": "admin.logentry", "pk": 144, "fields": {"action_time": "2019-05-29T01:35:16.754Z", "user": 1, "content_type": 20, "object_id": "6", "object_repr": "Sku object (6)", "action_flag": 2, "change_message": "[{\"changed\": {\"fields\": [\"colour\", \"stock\"]}}]"}}, {"model": "admin.logentry", "pk": 145, "fields": {"action_time": "2019-05-29T02:30:39.996Z", "user": 1, "content_type": 20, "object_id": "7", "object_repr": "Sku object (7)", "action_flag": 1, "change_message": "[{\"added\": {}}]"}}, {"model": "admin.logentry", "pk": 146, "fields": {"action_time": "2019-05-30T23:34:33.279Z", "user": 1, "content_type": 12, "object_id": "4", "object_repr": "1234", "action_flag": 2, "change_message": "[{\"changed\": {\"fields\": [\"description\"]}}]"}}, {"model": "admin.logentry", "pk": 147, "fields": {"action_time": "2019-05-30T23:37:45.181Z", "user": 1, "content_type": 12, "object_id": "2", "object_repr": "s2334", "action_flag": 2, "change_message": "[{\"changed\": {\"fields\": [\"description\"]}}]"}}, {"model": "admin.logentry", "pk": 148, "fields": {"action_time": "2019-05-31T02:49:36.482Z", "user": 1, "content_type": 20, "object_id": "8", "object_repr": "newcode", "action_flag": 1, "change_message": "[{\"added\": {}}]"}}, {"model": "admin.logentry", "pk": 149, "fields": {"action_time": "2019-05-31T02:51:58.150Z", "user": 1, "content_type": 12, "object_id": "5", "object_repr": "S-890", "action_flag": 2, "change_message": "[{\"changed\": {\"fields\": [\"p_code\"]}}]"}}, {"model": "admin.logentry", "pk": 150, "fields": {"action_time": "2019-05-31T02:54:32.965Z", "user": 1, "content_type": 20, "object_id": "8", "object_repr": "S-890", "action_flag": 2, "change_message": "[{\"changed\": {\"fields\": [\"product_code\"]}}]"}}, {"model": "admin.logentry", "pk": 151, "fields": {"action_time": "2019-06-03T00:20:51.028Z", "user": 1, "content_type": 19, "object_id": "67", "object_repr": "Order 67", "action_flag": 2, "change_message": "[{\"changed\": {\"fields\": [\"paid\"]}}]"}}, {"model": "admin.logentry", "pk": 152, "fields": {"action_time": "2019-06-03T00:52:48.581Z", "user": 1, "content_type": 19, "object_id": "66", "object_repr": "Order 66", "action_flag": 2, "change_message": "[{\"changed\": {\"name\": \"order item\", \"object\": \"72\", \"fields\": [\"quantity\"]}}]"}}, {"model": "admin.logentry", "pk": 153, "fields": {"action_time": "2019-06-03T01:09:08.095Z", "user": 1, "content_type": 19, "object_id": "70", "object_repr": "Order 70", "action_flag": 2, "change_message": "[{\"deleted\": {\"name\": \"order item\", \"object\": \"78\"}}]"}}, {"model": "admin.logentry", "pk": 154, "fields": {"action_time": "2019-06-04T04:11:19.534Z", "user": 1, "content_type": 12, "object_id": "7", "object_repr": "33ww", "action_flag": 2, "change_message": "[{\"changed\": {\"fields\": [\"category\"]}}]"}}, {"model": "admin.logentry", "pk": 155, "fields": {"action_time": "2019-06-04T04:11:54.674Z", "user": 1, "content_type": 12, "object_id": "2", "object_repr": "s2334", "action_flag": 2, "change_message": "[{\"changed\": {\"fields\": [\"category\"]}}]"}}]